description,author_image,published
brown tabby cat,Yoo hoo,"January 16, 2020 (UTC)"
white and brown long fur cat,Esteban Chinchilla,"April 7, 2020 (UTC)"
white cat sleeps under white comforter,Kate Stone Matheson,"November 9, 2018 (UTC)"
white and gray cat on green grass during daytime,zhang kaiyv,"March 15, 2021 (UTC)"
brown tabby cat in close up photography,Sajad Nori,"December 24, 2020 (UTC)"
white and brown long fur cat with green and red rose on head,Long Ma,"March 1, 2020 (UTC)"
short-fur gray cat smelling sweets,Anastasiia Rozumna,"December 26, 2019 (UTC)"
woman and cat joining hands,Humberto Arellano,"December 23, 2018 (UTC)"
gray tabby kitten leaning on white wall,Borna Bevanda,"September 30, 2017 (UTC)"
tuxedo cat in brown cardboard box,Jiawei Zhao,"March 13, 2021 (UTC)"
brown and white tabby cat,Giovanna Gomes,"April 1, 2020 (UTC)"
white and orange tabby cat,Juan Manuel Sanchez,"December 15, 2020 (UTC)"
white and orange cat sitting on brown wooden table,Kelly,"November 3, 2020 (UTC)"
white and black kitten on white textile,The Lucky Neko,"August 17, 2020 (UTC)"
orange and white tabby cat sleeping beside window,Amigo Eugenito,"September 23, 2018 (UTC)"
orange tabby cat on white textile,Tuğba,"November 27, 2020 (UTC)"
white and brown cat lying on floor,Victoria Naumenko,"September 12, 2020 (UTC)"
orange tabby cat on white cat cave,Juli Kosolapova,"April 3, 2019 (UTC)"
orange tabby cat on white concrete wall,Dollar Gill,"September 29, 2020 (UTC)"
orange and white cat on gray concrete floor,Daniel Mačura,"November 6, 2020 (UTC)"
