name,author,rating,new_price,old_price
Чебурашка. Официальная новеллизация,Маслова Анна Алексеевна,6.3,452.0,566.0
Гарри Поттер и философский камень,Роулинг Джоан Кэтлин,9.5,847.0,1059.0
Коралина,Гейман Нил,9.4,620.0,775.0
Ходячий замок,Джонс Диана Уинн,9.4,567.0,709.0
Агент на мягких лапах,Шойнеманн Фрауке,9.4,455.0,569.0
Маленький принц (нов. обл.) (рис. автора),Сент-Экзюпери Антуан де,9.5,354.0,443.0
"Девочка, которая не видела снов",Дёрст Сара Бет,8.7,539.0,674.0
Любимые раскраски. Единороги и пони,,,99.0,134.0
Букварь,Жукова Надежда Сергеевна,9.4,492.0,616.0
"Котёнок Усатик, или Отважное сердце",Вебб Холли,9.5,327.0,409.0
Поллианна,Портер Элинор,9.5,543.0,679.0
Гравити Фолз. Дневник 3,Хирш Алекс,9.5,2115.0,2644.0
Хроники Нарнии (ил. П.Бейнс),Льюис Клайв Стейплз,9.6,919.0,1149.0
Девочка с лисьим хвостом. Повесть. Том 1,Вон Пхён Сон,,565.0,707.0
Гарри Поттер и Тайная комната,Роулинг Джоан Кэтлин,9.6,847.0,1059.0
Приключения Тома Сойера,Твен М.,9.3,263.0,329.0
"Дневник Стива, застрявшего в Minecraft. Книга 1",Дегтярёва Т.,8.2,424.0,531.0
Мейзи Хитчинс. Загадка закрытого ящика,Вебб Холли,9.6,479.0,599.0
Sonic. Нежелательные последствия. Комикс. Том 1,Флинн Йэн,8.8,702.0,878.0
Стань диким!,"Хантер, Эрин",9.6,424.0,659.0
Как это работает. Исследуем 250 объектов и устройств,Лебом Жоэль,,1087.0,1359.0
Дядя Федор пес и кот (илл. Боголюбова),Успенский Эдуард Николаевич,9.3,567.0,709.0
Пушин Кэт. Раскраска,Белтон Клэр,,446.0,558.0
Северус. Глубочайшее исследование фигуры наизагадочнейшего зельевара Хогвартса,Ким Лорри,8.7,768.0,960.0
Гравити Фолз. Графический роман. Вып. 1,Хирш Алекс,8.8,676.0,846.0
Маленький принц (рис. автора),Сент-Экзюпери Антуан де,9.4,327.0,409.0
Сын полка,Катаев Валентин Петрович,,263.0,329.0
Тимур и его команда,Гайдар А.П.,9.0,254.0,318.0
Гарри Поттер и Проклятое дитя. Части первая и вторая. Финальная версия сценария,Роулинг Джоан Кэтлин,6.9,756.0,945.0
Вредные советы,Остер Григорий Бенционович,8.8,247.0,309.0
Секрет еловых писем,Шойнеманн Фрауке,9.6,455.0,569.0
Леди Баг и Супер-Кот. Большая энциклопедия о вселенной Леди Баг,Маслова А.,,926.0,1158.0
Маленькая злая книга,Мист М.,8.6,564.0,706.0
Маугли,Киплинг Редьярд Джозеф,8.8,247.0,309.0
Загадка сбежавшего сейфа,Шойнеманн Фрауке,9.7,455.0,569.0
Игрушки,Барто Агния Львовна,9.9,107.0,134.0
Медвежонок Паддингтон и его друзья: рассказы,Бонд Майкл,9.0,732.0,916.0
Сказки,Сутеев Владимир Григорьевич,9.7,567.0,709.0
"Раскраска для детей. ""Принцессы""",Бекетова Е.Э.,,107.0,134.0
"Щенок Барни,или Пушистый герой",Вебб Холли,9.7,319.0,399.0
Наклейки для самых маленьких. Мамы и малыши,,,67.0,84.0
Котенок по имени Гав. Сказки,Остер Григорий Бенционович,,607.0,759.0
"Мальчики, прославившие Россию","Артемова Наталья, Артемова Ольга",,543.0,679.0
Лесные звери. Раскраска,,,35.0,44.0
Маленький принц,Сент-Экзюпери Антуан де,,231.0,289.0
Чук и Гек. Рассказы,Гайдар А.,,231.0,289.0
Гравити Фолз. Диппер и Мэйбл. Сокровища Пиратов Времени,,9.2,749.0,937.0
Любимые раскраски. Машины и танки,,,107.0,134.0
Я расту: Стихи,Барто Агния Львовна,9.5,415.0,519.0
Рассказы о животных,Бианки Виталий Валентинович,,247.0,309.0
Манюня,Абгарян Наринэ Юрьевна,,819.0,975.0
Мейзи Хитчинс. Призрак кошки,Вебб Холли,9.6,479.0,599.0
"Стихи-болтушки для тех, кто учится говорить",Волкова Наталия Геннадьевна,,91.0,119.0
Модные девчонки Макияж маникюр С наклейками (м) (РН-МД-5),,,111.0,139.0
"Самолеты, корабли, автомобили. Большой альбом раскрасок",Рахманов В.А.,,223.0,279.0
В стране невыученных уроков,Гераскина Лия Борисовна,8.2,247.0,309.0
Мейзи Хитчинс. Пропавший изумруд,Вебб Холли,9.7,479.0,599.0
Буквы. Для детей 5-7 лет,,,43.0,54.0
Волшебник Изумрудного города,Волков Александр Мелентьевич,9.7,735.0,919.0
Рассказы для детей,Зощенко Михаил Михайлович,,276.0,345.0
Любимые зверюшки,"Курганова Ю.Б., художн.",,67.0,84.0
Всё о муми-троллях. Книга 1: повести-сказки,Янссон Туве Марика,9.5,827.0,1034.0
Коша. Книжка с наклейками. Более 70 наклеек!,,,99.0,124.0
Принцессы-феи,Уотт Ф.,,616.0,771.0
Денискины рассказы,Драгунский Виктор Юзефович,8.5,254.0,318.0
Гарри Поттер и узник Азкабана,Роулинг Джоан Кэтлин,9.6,847.0,1059.0
Потешки,Панасюк Инна Сергеевна,,192.0,240.0
Букварь (мини),Жукова Надежда Сергеевна,9.5,488.0,610.0
Девочка с лисьим хвостом. Том 2,Вон Пхён Сон,,495.0,659.0
Стихи и сказки,"Чуковский, Корней Иванович",9.7,439.0,549.0
"Чудо чудное, диво дивное. Русские народные сказки от А до Я","Соколовский В., сост.",8.7,831.0,1039.0
Приключения Электроника,Велтистов Евгений Серафимович,8.2,263.0,329.0
Хрум. Книжка с наклейками. Более 70 наклеек!,,,84.0,129.0
Транспорт,Киатров В.С.,,107.0,134.0
Домовенок Кузька,Александрова Татьяна Ивановна,,231.0,289.0
Раскраска Антистресс для школьников. Для девочек,Сташкина А.А.,,191.0,239.0
Королевство кривых зеркал,Губарев Виталий Георгиевич,,231.0,289.0
Тайна сгоревшего коттеджа,Блайтон Энид Мэри,9.5,351.0,439.0
Превращение Карага,Брандис Катя,8.9,567.0,709.0
Плакат А-3 Азбука разрезная,,9.4,75.0,94.0
Сказка о потерянном времени,Шварц Евгений Львович,9.0,254.0,318.0
Рождественский поросёнок,Роулинг Джоан Кэтлин,8.9,879.0,1099.0
Любимые раскраски. Динозавры,,,107.0,134.0
"Девочки, прославившие Россию","Артемова Наталья, Артемова Ольга",,543.0,679.0
Часодеи. Книга 1. Часовой ключ,Щерба Наталья Васильевна,9.4,647.0,809.0
"Приключения Буратино, или Золотой ключик. Книжка-картинка",Толстой Алексей Николаевич,9.5,695.0,869.0
Колобок,Ушинский К.Д.,,127.0,159.0
Девочка с лисьим хвостом. Том 3,Вон Пхён Сон,,552.0,729.0
"Где обедал, воробей?",Маршак Самуил Яковлевич,,527.0,659.0
Котята: считалочка,Михалков Сергей Владимирович,,527.0,659.0
Собаки и щенки,Майструк Л.В.,,107.0,134.0
Пророчество о драконятах,Сазерленд Туи Т.,9.7,567.0,709.0
Веселые зверята,Андреева Юлия А.,,192.0,240.0
Приключения Незнайки и его друзей: Сказочная повесть,Носов Николай Николаевич,9.6,780.0,975.0
"Раз - ступенька, два - ступенька. Математика для детей 5-7 лет. Часть 2","Петерсон Людмила Георгиевна, Холина Надежда Павловна",,253.0,419.0
Волшебник Изумрудного города,Волков Александр Мелентьевич,9.8,266.0,333.0
Тимур и его команда,Гайдар А.,,263.0,329.0
Кортик,Рыбаков Анатолий Наумович,8.9,263.0,329.0
Огонь и лед,"Хантер, Эрин",9.7,449.0,659.0
Волшебные цветы. Раскраска,,,31.0,39.0
Веселые рассказы о школьниках,Драгунский Виктор Юзефович,,247.0,309.0
Строительная техника,Дмитриева Валентина Геннадьевна,,223.0,279.0
Гоночные машины. Раскраска,,,51.0,64.0
"Уинстон, берегись!",Шойнеманн Фрауке,9.6,455.0,569.0
Учусь писать цифры,,,43.0,54.0
Телефон (мишка),Чуковский К.И.,,155.0,194.0
Герои сказок. Раскраска,,,35.0,44.0
Волшебное слово,Осеева Валентина Александровна,,276.0,345.0
Дело о невидимке,Шойнеманн Фрауке,9.4,455.0,569.0
Хроники Нарнии,Льюис Клайв Стейплз,9.6,1167.0,1459.0
Теремок. Книжка-панорама с движущимися картинками,Нечитайло Г.,9.5,223.0,279.0
Волшебные единорожки (+30 наклеек),Сойкина А.,,215.0,269.0
Кошки и собаки. 100 наклеек,"Скворцова А., ред.",,123.0,154.0
Чебурашка и крокодил Гена. Большая раскраска,Дмитриева В.Г.,,303.0,379.0
Манюня,Абгарян Наринэ Юрьевна,9.5,567.0,709.0
Домашние любимцы. Раскраска,,,35.0,44.0
"Кроссворды ""Обо всем на свете""",,,107.0,134.0
"Раскраска для девочек ""Единороги""",Трощева Т.С.,,55.0,69.0
Жили у бабуси,,,95.0,119.0
В Стране Вечных Каникул,Алексин Анатолий Георгиевич,,247.0,309.0
Дневник Стива. Книга 2. Конёк-квадратноног,Дегтярёва Т.,9.7,424.0,531.0
"100 любимых стихов. (А.Л. Барто, К.И. Чуковский)","Гайдель Екатерина Анатольевна, Барто Агния Львовна",9.0,91.0,119.0
Транспорт. Раскраска,,,39.0,49.0
Волшебник Изумрудного города.,Волков Александр Мелентьевич,9.8,887.0,1109.0
Мышаня. Книжка с наклейками. Более 70 наклеек!,,,99.0,124.0
Машинки. Раскраска,,,35.0,44.0
"Мы едем, едем. Книжка-панорама с движущимися картинками",Тетерин Сергей М.,,151.0,189.0
Смешные истории,Успенский Эдуард Николаевич,,231.0,289.0
Sonic. Судьба доктора Эггмана. Том 2,Флинн Йэн,9.6,647.0,809.0
Приключения Чиполлино (ил. Л. Владимирского),Родари Джанни,9.3,630.0,788.0
Мойдодыр,Чуковский К.И.,,107.0,134.0
Самые первые раскраски. 3+,,,306.0,389.0
Медвежонок Паддингтон и его новые проделки,Бонд Майкл,9.6,663.0,829.0
История с кладбищем,Гейман Нил,9.6,711.0,889.0
"20 необыкновенных девочек, изменивших мир",Трояно Розальба,,663.0,829.0
Лесные домишки,Бианки Виталий Валентинович,,247.0,309.0
Мейзи Хитчинс. Щенок под прикрытием,Вебб Холли,9.6,479.0,599.0
Все о муми-троллях. Книга 2,Янссон Туве Марика,9.4,827.0,1034.0
Прописи. Пишем цифры правильно,Чиркова Светлана Владимировна,,43.0,54.0
"Большущая раскраска. Для девочек, 5+",,,234.0,319.0
Книжки - задвижки. Кто где живет?,Гагарина М.,,348.0,469.0
Подарок для девочек. Большой альбом раскрасок,Жуковская Е.Р.,,215.0,269.0
Цветик-семицветик. Сказки,"Катаев Валентин Петрович, Сутеев Владимир Григорьевич, Цыферов Геннадий Михайлович",,231.0,289.0
Леди Баг и Супер-Кот. Наклей и раскрась (Герои Парижа),,,207.0,259.0
Мишка косолапый. Книжка-панорама с движущимися картинками,Дорофеева В.,,151.0,189.0
Супер-раскраска для малышей,Макарова Л.В.,,207.0,259.0
Остров сокровищ,Стивенсон Роберт Льюис,10.0,280.0,351.0
100 милых картинок для девочек. Раскраска,,,231.0,289.0
Едем в отпуск. Три кота,Купырина Анна Михайловна,,223.0,279.0
Sonic. Из ниоткуда. Комикс. Том 8 (перевод от Diamond Dust),Толубаева Анна,,722.0,903.0
Азбуковозик,,,192.0,240.0
Рикки-Тикки-Тави. Сказки,Киплинг Редьярд Джозеф,,247.0,309.0
Египетский ребус,Вебб Холли,9.5,479.0,599.0
Стихи для детей,Барто Агния Львовна,,279.0,349.0
"Котенок Кэтти, или Секрет в шкафу",Вебб Холли,9.6,327.0,409.0
Сказка о глупом мышонке. Сказка об умном мышонке,Маршак Самуил Яковлевич,9.8,96.0,121.0
Умная собачка Соня,Усачёв Андрей Алексеевич,9.8,455.0,569.0
Идет коза рогатая,"Здорнова Е., худож.",,127.0,159.0
Остров сокровищ,Стивенсон Роберт Льюис,9.7,495.0,619.0
Единорожки. Раскраска с блестящими наклейками,,,167.0,209.0
Кисонька-мурысонька,Строителева Анна,,95.0,119.0
На берегу Темного моря (#1),Питерсон Эндрю,9.6,583.0,729.0
Леди Баг и Супер-Кот. Наклей и раскрась (Дружная команда),,,207.0,259.0
Книга для чтения детям от 6 месяцев до 3-х лет,"Барто Агния Львовна, Маршак Самуил Яковлевич, Берестов Валентин Дмитриевич",,999.0,1249.0
Вечерние образы,Алейникова Е.С.,,191.0,239.0
Путешествие Нильса с дикими гусями,Лагерлёф Сельма Оттилия Лувиса,9.7,1096.0,1371.0
Кто где живет,Леон А.,,207.0,259.0
Транспорт. 100 наклеек,"Скворцова А., ред.",,123.0,154.0
Большая раскраска для девочек,Дмитриева Валентина Геннадьевна,,303.0,379.0
Тренажер. Письменные буквы и цифры,Чиркова Светлана Владимировна,,34.0,54.0
Гравити Фолз. Графический роман. Вып. 2,Хирш Алекс,9.1,676.0,846.0
Букварь (по СанПин),Жукова Надежда Сергеевна,9.6,446.0,558.0
Маленькая злая книга 2. Теперь еще опаснее,Мист М.,9.0,527.0,659.0
Лучшая раскраска для фанатов Minecraft,Кларштейн А.,,106.0,139.0
Сыщик на арене,Шойнеманн Фрауке,9.8,455.0,569.0
Котики. Раскраска. 16 сияющих наклеек,,,119.0,149.0
"Книжки - задвижки. Мама, папа и малыш. Домашние животные",,,348.0,469.0
"Книга с наклейками и заданиями ""Техника""","Бородина К., Килина О., Копырин А.",,376.0,499.0
Корней Чуковский. Сказки. Книжка-панорамка. 4 сказки внутри,Чуковский К.И.,,831.0,1039.0
Гарри Поттер и философский камень (с цветными илл. Дж.Кея),Роулинг Джоан Кэтлин,9.5,2236.0,2795.0
Милый дом Чи. Книга 1,Конами Каната,9.6,623.0,779.0
Большая книга опытов и экспериментов для мальчиков,Вайткене Любовь Дмитриевна,,1087.0,1359.0
Приключения Тома Сойера,Твен М.,9.1,527.0,659.0
Самые первые раскраски. 2+,,,306.0,389.0
Дневник Стива. Да начнутся приключения! Книги 1-5,,,1261.0,1577.0
Я люблю раскрашивать KAWAII,Дегтярёва Т.,,287.0,359.0
Гарри Поттер и Кубок Огня,Роулинг Джоан Кэтлин,9.6,1017.0,1272.0
Дневник Стива. Книга 3. Собачья жизнь,Дегтярёва Т.,9.3,424.0,531.0
Репка,Капица О.И.,,127.0,159.0
"Книга с наклейками и заданиями ""Мои первые животные""","Казакова И., Митченко Ю., Сеидова О.",,376.0,499.0
Мейзи Хитчинс. Тайна мальчика из джунглей,Вебб Холли,9.4,479.0,599.0
Мейзи Хитчинс. Секрет пролитых чернил,Вебб Холли,9.7,479.0,599.0
Бычок,Барто Агния Львовна,,791.0,989.0
Секрет древнего Ордена,Ноубел Джулия,9.1,495.0,619.0
"Котенок Звездочка,или Двойной сюрприз",Вебб Холли,9.7,327.0,409.0
Спасти Одетту,Шойнеманн Фрауке,9.6,455.0,569.0
Собачка Соня на даче,Усачёв Андрей Алексеевич,,455.0,569.0
Аид. История повелителя Подземного мира,Валентино Серена,9.1,527.0,659.0
Отчего и почему?,Ганери Анита,9.6,537.0,679.0
Приключения Незнайки и его друзей (ил. О. Зобниной),Носов Николай Николаевич,9.5,919.0,1149.0
Времена года. Мой самый большой альбом раскрасок,Илюхина Е. (ред.),,399.0,499.0
Алиса в Стране чудес (ил. И. Петелиной),"Кэрролл, Льюис",9.6,663.0,829.0
Вырабатываем красивый почерк. Прописи. 35 уроков,Чайчук Виктор Андреевич,,187.0,279.0
Машинки,Панасюк Инна Сергеевна,,192.0,240.0
Петербург для детей,Первушина Елена Владимировна,,775.0,969.0
"Рабочая тетрадь ""Изучаем математику"" часть 1",,8.7,43.0,54.0
Урфин Джюс и его деревянные солдаты,Волков Александр Мелентьевич,9.7,735.0,919.0
Сказочные принцессы (+30 наклеек),Сойкина А.,,215.0,269.0
Коты Эрмитажа. Официальная новеллизация,Маслова Анна,8.4,399.0,499.0
Что такое хорошо,"Пляцковский Михаил Спартакович, Михалков Сергей Владимирович, Барто Агния Львовна, Маяковский Владимир Владимирович, Берестов Валентин Дмитриевич",9.2,107.0,134.0
Не открывать! Кусается!,Хаберзак Шарлотта,9.5,611.0,764.0
Сын полка,Катаев Валентин Петрович,9.5,187.0,239.0
Маленький принц,Сент-Экзюпери Антуан де,9.5,327.0,409.0
Котенок Шмяк и Сырник. Большая книга приключений,Скоттон Роб,,464.0,659.0
Теремок (Медведь),Егорова Ирина Н.,,95.0,119.0
Тайна пропавшей кошки,Блайтон Энид Мэри,10.0,351.0,439.0
Sonic. Битва за Остров Ангела. Комикс. Том 3,Флинн Йэн,9.6,647.0,809.0
Любимые игрушки. Раскраска,,,39.0,49.0
Ладушки-ладошки,Балуева Оксана,,95.0,119.0
Дюймовочка. Сказки,Андерсен Ганс Христиан,,254.0,318.0
Кукольный домик,Бутикова М.,10.0,616.0,771.0
Буквы и цифры,"Грищенко В., ред.",,143.0,179.0
Белый клык,Лондон Дж.,,1127.0,1409.0
"Аля, Кляксич и буква ""А""",Токмакова Ирина Петровна,,254.0,318.0
Остров сокровищ,Стивенсон Роберт Льюис,,1167.0,1459.0
Учусь писать слова,,,43.0,54.0
Гравити Фолз. Забытые легенды. Графический роман.,Хирш Алекс,9.6,952.0,1191.0
Коты-детективы. Бесстрашная команда: Кто подставил Жана Усача? Загадочное дело о пропавших колбасках. Громкое преступление в парижском банке: сборник,"Гатти Алессандро , Морозинотто Давиде",,647.0,809.0
Автомобили,Дмитриева Валентина Геннадьевна,,399.0,499.0
Секретный ключ,Джонс Лина,9.2,527.0,659.0
Три кота. Maxi-постер. Раскрась сам,Пятикова Ю.,,335.0,519.0
Звукоподражалки,Сосновский Евгений Анатольевич,,217.0,279.0
Волшебник Изумрудного города,Волков Александр Мелентьевич,9.4,791.0,989.0
Все-все-все лучшие истории о Простоквашино,Успенский Эдуард Николаевич,,775.0,969.0
Остров сокровищ,Стивенсон Роберт Льюис,9.4,879.0,1099.0
Прописи. Соединяем буквы правильно,Чиркова Светлана Владимировна,,34.0,54.0
"Скетч-раскраска ""Для девчонок""",,,191.0,239.0
Почему русалка плачет,Вебб Холли,9.7,479.0,599.0
Транспорт и другая техника. Книга с наклейками,Бородина К.,,371.0,499.0
Котенок Шмяк и Сырник. Большая книга историй о дружбе,Скоттон Роб,,464.0,659.0
"Котенок Сильвер, или Полосатый храбрец",Вебб Холли,9.6,460.0,575.0
Маленькая злая книга. Специальное издание. Читай с друзьями!,Мист М.,7.4,495.0,619.0
Лесная газета. Рассказы,Бианки Виталий Валентинович,,231.0,289.0
Гуси-гуси! Га-га-га!,Панасюк Инна Сергеевна,,130.0,163.0
Книжки - задвижки. Кто там спрятался?,Гагарина М.,,348.0,469.0
Genshin Impact. Альбом 100 наклеек (фиолетовый),Сойкина А. (ред.),,174.0,219.0
Поп-звёзды,Боумен Люси,,647.0,809.0
Таймлесс. Рубиновая книга,Гир Керстин,9.6,544.0,709.0
Техника,Талалаева Е.В.,,1044.0,1305.0
Перси Джексон и похититель молний,Риордан Рик,9.7,495.0,619.0
Три кота и море приключений. Maxi-постер. Раскрась сам,,,335.0,519.0
Умный малыш. Касса букв. Набор карточек для детей.,,8.7,83.0,104.0
Три кота. На пикник,,,223.0,279.0
Полное руководство по режиму выживания в Minecraft,Липскомб Дэн,,607.0,759.0
Тетрадь с заданиями для развития детей. Изучаем грамоту. Часть 1,,8.2,43.0,54.0
Динозавры,,,616.0,771.0
Маленький принц,Сент-Экзюпери Антуан де,9.3,271.0,339.0
Оригами. Магия японского искусства. 50 моделей для складывания,Клам Аделина,,1167.0,1459.0
"20 необыкновенных мальчиков, изменивших мир",Оливьери Якопо,,663.0,829.0
Динозавры,"Агоста Лоредана, МакРей Энн",,351.0,439.0
Мегараскраска Майнкрафт. Раскрась мир игры,Фасхутдинов Р. (ред.),,215.0,269.0
Котята. Более 300 наклеек,Уотт Фиона,,370.0,463.0
Паучий переполох!,У Сянминь,,556.0,679.0
Книжки-картонки. Домашние животные,Сосновский Евгений Анатольевич,,217.0,279.0
Машины. Многоразовая водная раскраска с фломастером,Цветкова Наталья Валерьевна,,455.0,569.0
Любимые сказки. Книжка-панорамка. 4 сказки внутри,Шалухина О.,,697.0,1039.0
Тетрадь с заданиями для развития детей. Изучаем математику. Часть 2,,8.3,43.0,54.0
Гарри Поттер и Орден Феникса,Роулинг Джоан Кэтлин,9.6,1170.0,1463.0
Кошкин дом. Книжка-панорама с движущимися фигурками.,,,215.0,269.0
От А до Я. Рабочая тетрадь для детей 5-6 лет. ФГОС ДО,Колесникова Елена Владимировна,9.2,191.0,317.0
"Котёнок Стенли, или Настоящий клад: повесть",Вебб Холли,9.6,327.0,409.0
Очень необычная фея,Манкастер Гарриет,9.3,495.0,619.0
"Приключения Буратино, или Золотой ключик",Толстой Алексей Николаевич,9.8,567.0,709.0
Матушка Готель. История старой ведьмы,Валентино Серена,8.9,495.0,619.0
Домашние животные. Многоразовая водная раскраска с фломастером,Цветкова Наталья Валерьевна,,492.0,616.0
Спецтехника. Раскраска,,,59.0,74.0
Блокада Ленинграда : рассказы,Алексеев Сергей Петрович,,399.0,499.0
Единороги. Более 400 наклеек!,Уотт Фиона,,616.0,771.0
Робинзон Крузо,Дефо Даниэль,,999.0,1249.0
"Книга с наклейками и заданиями ""Такие разные животные""","Белоголовская Г., Васильева Н., Митченко Ю.и",,376.0,499.0
Книжки-картонки. Животные,,,217.0,279.0
Мяу! Большая книга добрых историй,Вебб Холли,,527.0,659.0
Мир животных. 100 наклеек,"Скворцова А., ред.",,123.0,154.0
Самая милая раскраска,,,131.0,164.0
Стихи и сказки,Чуковский К.И.,,263.0,329.0
100 считалок и потешек,Дмитриева Валентина Геннадьевна,,91.0,119.0
Удивительные приключения Робинзона Крузо,Дефо Даниэль,,247.0,309.0
Рассказы о войне,"Михалков Сергей Владимирович, Кассиль Лев Абрамович, Железников Владимир Карпович",,231.0,289.0
Пёс по имени Мани,Шефер Бодо,,600.0,858.0
Мифы Древней Греции (ил. А. Власовой),Кун Николай Альбертович,9.8,1423.0,1779.0
"Щенок Рина, или Таинственное путешествие",Вебб Холли,9.5,460.0,575.0
"Щенок Уголек, или Как перестать бояться",Вебб Холли,9.5,327.0,409.0
Большая раскраска для малышей,Дмитриева Валентина Геннадьевна,,287.0,359.0
"Раз - ступенька, два - ступенька... Математика для детей 5-7 лет. Часть 1","Петерсон Людмила Георгиевна, Холина Надежда Павловна",,253.0,419.0
Санкт-Петербург. Стихотворная раскраска,Воронцова Д.,,155.0,194.0
Русалочки,Уотт Фиона,,647.0,809.0
"Малыш и Карлсон, который живёт на крыше",Линдгрен Астрид Анни Эмилия,9.6,607.0,759.0
"Животные. Как ""говорят""","Гагарина М., отв. ред.",,217.0,279.0
100 тысяч почему,Альтшулер Виктор Сергеевич,,1113.0,1392.0
"Супер-пупер раскраска ""Для девочек""",,,167.0,209.0
Тетрадь с заданиями для развития детей. Изучаем грамоту. Часть 2,,8.1,43.0,54.0
Букварь,Жукова Надежда Сергеевна,9.3,446.0,558.0
Пишем буквы и цифры. IQ-прописи (+ фломастер),Тимофеева Татьяна Владимировна,,415.0,519.0
История России. Панорама нужных знаний,Школьник Юлия Константиновна,,791.0,989.0
Тайна секретной комнаты,Блайтон Энид Мэри,9.5,351.0,439.0
Маленькая злая книга 3. Твое время пришло,Мист М.,9.3,527.0,659.0
"Супер-пупер раскраска ""Для мальчиков""",,,149.0,209.0
Детективы-футболисты. Тайна семи голов,Лоренсо Э.,,663.0,829.0
Веселая азбука. Пишем печатные буквы. Рисуй и стирай (+фломастер),,,287.0,359.0
Повседневные образы,Юзеева Г.З.,,191.0,239.0
"Хоббит, или туда и обратно",Толкин Джон Рональд Руэл,9.6,831.0,1039.0
"Котёнок Дымка, или Тайна домика на дереве",Вебб Холли,9.7,460.0,575.0
Сказки и картинки,Сутеев Владимир Григорьевич,9.8,815.0,1019.0
"Прописи. Пишем буквы, слоги, слова, предложения",,,99.0,124.0
АМОНГ АС. Предатель в космосе,Ривьер Лаура,,479.0,599.0
Ушастая раскраска На Ферме,Баркова Н. (худ.),,111.0,139.0
"Малыш и Карлсон, который живет на крыше: сказочная повесть",Линдгрен Астрид Анни Эмилия,8.9,986.0,1249.0
Учимся писать цифры,Бортникова Елена Федоровна,9.2,55.0,69.0
Медвежонок Паддингтон и его невероятные приключения,Бонд Майкл,9.2,663.0,829.0
Два капитана,Каверин В.А.,9.7,1816.0,2519.0
Винни-Пух и все-все-все,Милн Алан Александр,9.7,919.0,1149.0
Маленькие сказки для первого чтения,Михалков Сергей Владимирович,,263.0,329.0
Волшебник Изумрудного города,Волков Александр Мелентьевич,,263.0,329.0
Кричащая лестница (#1) (в оформлении Полины Dr. Graf),Страуд Джонатан,10.0,527.0,659.0
Мои первые прописи.5-6лет,Бортникова Елена Федоровна,9.4,55.0,69.0
"Стихи, сказки, рассказы для первого чтения","Барто Агния Львовна, Сутеев Владимир Григорьевич, Успенский Эдуард Николаевич",,567.0,709.0
Подводный мир. Книга с наклейками. Более 600 наклеек,,,371.0,499.0
Sonic. Кризис в городе. Комикс. Том. 5,Флинн Йэн,10.0,647.0,809.0
Крокодил Гена и его друзья,Успенский Эдуард Николаевич,9.4,1047.0,1309.0
Сказки барда Бидля,Роулинг Джоан Кэтлин,9.1,822.0,1028.0
Транспорт,Станкевич Светлана Анатольевна,,207.0,259.0
Гравити Фолз. Истории о странном и необъяснимом,,,952.0,1191.0
Лесные сказки,Сладков Николай Иванович,,231.0,289.0
Я люблю раскрашивать в стиле Minecraft,Гудкова А.А.,,272.0,340.0
"Этикет для юной леди. 50 правил, которые должна знать каждая девушка",Бриджес Джон,9.5,527.0,659.0
Умный малыш. Касса цифр. Набор карточек для детей.,,8.9,83.0,104.0
Большая раскраска для малышей,Гайдель Екатерина Анатольевна,,207.0,259.0
Полезные машины,Дмитриева Валентина Геннадьевна,,399.0,499.0
Конек-горбунок,Ершов Петр Павлович,9.3,711.0,889.0
Спайдервик. Хроники,"ДиТерлицци Тони , Блэк Холли",9.5,868.0,1085.0
Моя книга наклеек. Авто-тюнинг,,,455.0,599.0
Коты-детективы. Парижские тайны,"Гатти Алессандро , Морозинотто Давиде",,647.0,809.0
Я получил сову! Фанбук по волшебному миру Гарри Поттера,,9.1,795.0,994.0
Знаменитая собачка Соня,Усачёв Андрей Алексеевич,9.3,455.0,569.0
Вафельное сердце,Парр Мария,9.3,980.0,1409.0
Секретный дневник кота-детектива,Шойнеманн Фрауке,9.3,455.0,569.0
Тихие гости,Мастрюкова Татьяна,9.0,607.0,759.0
История Санкт-Петербурга для подростков. Самые яркие исторические зарисовки про великий город,Антонов Борис Иванович,,375.0,469.0
Перси Джексон и похититель молний,Риордан Рик,9.3,543.0,679.0
Стихи и сказки,"Чуковский, Корней Иванович",9.6,831.0,1039.0
"Этикет для юного джентльмена. 50 правил, которые должен знать каждый юноша",Бриджес Джон,,495.0,619.0
Книжки - картонки. Мои первые цвета,Митченко Ю.,,217.0,279.0
Доброе утро!,Пикулева Нина Васильевна,,607.0,759.0
Дом с характером (МирыДД) Джонс,Джонс Диана Уинн,9.7,567.0,709.0
Денискины рассказы,Драгунский Виктор Юзефович,9.8,711.0,889.0
Семь подземных королей,Волков Александр Мелентьевич,9.8,735.0,919.0
3+ 100 окошек - открывай-ка!,Саломатина Елена Ивановна,9.6,1524.0,1905.0
Драконья сага. Потерянная принцесса,Сазерленд Туи Т.,10.0,543.0,679.0
Большая книга тайн для мальчиков,"Мерников Андрей Геннадьевич, Пирожник Светлана Сергеевна",,1127.0,1409.0
Журнал по выживанию,Коутон Скотт,9.2,630.0,788.0
Малефисента. История темной феи,Валентино Серена,8.9,527.0,659.0
Sonic. Заражение. Том 4 (перевод Анны Толубаевой и Сыендука),Флинн Йэн,9.5,647.0,809.0
Путешествия Гулливера,Свифт Джонатан,,231.0,289.0
Прописи-тетрадь для детей. Шаг 1. Учимся писать буквы,Назаренко Марина,,119.0,149.0
"Где, что и когда? Энциклопедия для любознательных",О`Нейлл Аманда,9.2,537.0,679.0
Все самые великие сказки мира,Карганова Екатерина Георгиевна,,1167.0,1459.0
Гарри Поттер и Дары Смерти,Роулинг Джоан Кэтлин,9.6,1017.0,1272.0
Праздник Непослушания,Михалков Сергей Владимирович,,247.0,309.0
Милые книжки. Мамины объятия,,,375.0,469.0
Готовлю сам без мамы,Дмитриева Валентина Геннадьевна,,732.0,916.0
Не моргай!,Аллен Джош,,495.0,619.0
Домашние питомцы,Уотт Фиона,,370.0,463.0
1000 загадок,Лысаков Владимир Георгиевич,,311.0,389.0
Овощи и фрукты. Раскраска,,,39.0,49.0
Синий трактор. На дороге,,,271.0,339.0
"Тренажер. Слоги, слова, предложения",Чиркова Светлана Владимировна,,34.0,54.0
Всех прекрасней. История Королевы,Валентино Серена,8.9,527.0,659.0
Ладушки,Булатов М.А.,,127.0,159.0
Дневник Стива. Книга 4. Оцелот на оцелоте,Дегтярёва Т.,8.7,424.0,531.0
Динозавры. Большая интерактивная энциклопедия,Тун Ми,,2481.0,2829.0
Волшебная раскраска принцесс,,,215.0,269.0
Genshin Impact. Альбом 100 наклеек (зеленый),Илюхина Е. (ред.),,174.0,219.0
Кот да Винчи. Школа злодейства,Матюшкина Екатерина Александровна,,620.0,775.0
"Гуси, гуси - га-га-га!",,,95.0,119.0
Sonic. Комикс. Последняя минута. Том 6,Флинн Йэн,10.0,647.0,809.0
Животные. Более 160 наклеек,Пикерсджилл Кристи,,370.0,463.0
Чудовище. История невозможной любви,Валентино Серена,8.7,527.0,659.0
Умный малыш. Азбука (А-О). Набор карточек для детей.,,10.0,75.0,94.0
Прописи Азбука-писалочка (6-7 лет) (мДошТрен) (ФГОС ДО),,,36.0,45.0
Любимые сказки и стихи,Чуковский К.И.,,842.0,1053.0
Математика. Часть 2. Для детей 5-6 лет,,,47.0,59.0
Приключения Васи Куролесова. Повесть,Коваль Юрий Иосифович,,247.0,309.0
Маленькая злая книга 4,Мист М.,7.0,527.0,659.0
Бемби,Зальтен Феликс,,231.0,289.0
Раскраска. Пять ночей у Фредди. Файлы Фредди,,,247.0,309.0
Гарри Поттер и Принц-полукровка,Роулинг Джоан Кэтлин,9.6,1017.0,1272.0
Большая книга Почему?,Макмиллан Макмиллан,,1022.0,1278.0
Дневник Стива. Книга 5. Ушастая угроза,Гитлиц А.В.,9.3,424.0,531.0
Деньги и бизнес для детей,Васин Дмитрий Валентинович,,879.0,1099.0
Детки в клетке,Маршак Самуил Яковлевич,,607.0,759.0
"Про бегемота, который боялся прививок",Сутеев Владимир Григорьевич,,91.0,119.0
Прописи. Обучающие прописи. Математика. 5-6 лет,,,36.0,45.0
"Подарок малышу. Колыбельные песенки, загадки-рифмы, стихи",Сосновский Евгений Анатольевич,,838.0,1099.0
Sonic. 30-летний юбилей. Комикс,Флинн Йэн,9.6,751.0,939.0
Мини-книжки-болтушки для запуска речи. 4 книжки-кубика. Картинки и стихи,Сосновский Евгений Анатольевич,,1033.0,1309.0
Мои первые слова,Карганова Екатерина Георгиевна,,663.0,829.0
Патриотическая раскраска. Военная техника. 4-7 лет,Мосина А.И. (ред.),,114.0,143.0
Мои первые прописи,Бортникова Елена Федоровна,9.4,55.0,69.0
Урсула. История морской ведьмы,Валентино Серена,8.0,527.0,659.0
Приключения Тома Сойера,Твен М.,9.5,879.0,1099.0
Денискины рассказы,Драгунский Виктор Юзефович,9.2,415.0,519.0
Затерянный мир,Дойл Артур Конан,9.7,567.0,709.0
Дети леса. Опасная дружба,Брандис Катя,9.5,567.0,709.0
Мой любимый дневничок с наклейками,"Дмитриева В.Г.,сост.",,415.0,519.0
Большая книга о животных. 1001 фотография,Ермакович Дарья Ивановна,,1591.0,1989.0
300 лабиринтов и других головоломок,Вьюницкая Евгения,,351.0,439.0
Путешествие Алисы (ил. Л. Гамарца),Булычев К.,,263.0,329.0
Записки из Зеленого Бора. Таинственные дневники Лиса Корнелия,Брюн-Арно Микаэль,,919.0,1149.0
Хоббит с ил. Толкина,Толкин Джон Рональд Руэл,9.7,879.0,1099.0
А.С. Пушкин. Сказки,Пушкин Александр Сергеевич,,231.0,289.0
Детективы-футболисты. Загадка спящих арбитров,Сантьяго Роберто,,663.0,829.0
Моя первая 4D книга о планетах,Куцаева Н.,,527.0,659.0
Топ-раскраска. По самым популярным играм,Федорчук О.,,231.0,289.0
Леди Баг и Супер-Кот. Комикс. Магические талисманы,Астрюк Томас,,583.0,729.0
Волшебник изумрудного города : сказочная повесть,Волков Александр Мелентьевич,9.7,623.0,779.0
Полезные машинки,Павлова Ксения Андреевна,,455.0,569.0
Приключения Тома Сойера. По книге Марка Твена,Твен М.,,527.0,659.0
"Бемби (+ музыка В.А. Моцарта, Л. ван Бетховена, Шопена Ф.)",Зальтен Феликс,,1503.0,1879.0
В гостях у феи. Более 350 наклеек,Уотт Фиона,,394.0,499.0
Волшебный бал,Уотт Фиона,,394.0,499.0
"Что делать, если...",Петрановская Людмила Владимировна,9.4,495.0,619.0
Теремок,Капица О.И.,,127.0,159.0
Обучение грамоте. Часть 1. Для детей 5-6 лет,,,47.0,59.0
Жизнь и удивительные приключения морехода Робинзона Крузо,Дефо Даниэль,9.5,752.0,940.0
Все-все-все об умной собачке Соне,Усачёв Андрей Алексеевич,10.0,919.0,1149.0
Приключения Алисы Селезневой,Булычев К.,,919.0,1149.0
Вредные советы №1,Остер Григорий Бенционович,9.3,735.0,919.0
L.O.L. Surprise! Супер-раскраска (розовая),Цуркан В. (ред.),,215.0,269.0
Чебурашка. Раскрась Чебурашку,Успенский Эдуард Николаевич,,114.0,149.0
Anime! Раскраска для работы маркерами: 32 проекта с любимыми героями: Шаблоны для выкрасов к каждому рисунку,,,399.0,499.0
Про Чебурашку и крокодила Гену,Дмитриева В.Г.,,231.0,289.0
Эрмитажные истории кота Василия,Альбедиль Маргарита Фёдоровна,,264.0,339.0
Волшебные факты о мире Гарри Поттера. Неофициальное издание,Шиллер Эллен,,439.0,549.0
"Котёнок Пушинка, или Рождественское чудо",Вебб Холли,9.6,327.0,409.0
Пёс по имени Мани,Шефер Бодо,9.5,763.0,1090.0
Репка. Русская народная сказка. Книжка-панорама с движущимися фигурками,,,215.0,269.0
Лучшие сказки мира,Гримм Кэрин Г.,,1175.0,1669.0
Круэлла де Виль. История злодейки с разбитым сердцем,Валентино Серена,9.5,527.0,659.0
Тайна зловещего дома,Блайтон Энид Мэри,,351.0,439.0
Все сказки для малышей,Бородина К. и др. (худ.),,405.0,599.0
Дикие животные. Многоразовая водная раскраска с фломастером,Цветкова Наталья Валерьевна,,455.0,569.0
Няшки-раскраски. Котики,Грецкая А.,,39.0,49.0
Принцесса,"Уотт, Фиона",10.0,370.0,463.0
Курочка Ряба,Капица Ольга Иеронимовна,,127.0,159.0
Загадочное дело о пропавших колбасках,"Гатти Алессандро , Морозинотто Давиде",9.5,455.0,569.0
Спорткары (с наклейками),,,79.0,99.0
Фрижель и Флуффи. Тайна пропавших арбузов. Выпуск 1,Фрижель,,623.0,779.0
Забавные животные,Станкевич Светлана Анатольевна,,183.0,229.0
Рабочая тетрадь. Мои первые прописи 6-7 лет,Бортникова Елена Федоровна,9.4,55.0,69.0
Автомобили,"Шликлин, Марк",,495.0,619.0
Математика. Часть 1. Для детей 5-6 лет,,,47.0,59.0
Океанариум,Уотсон Ханна,,370.0,463.0
На море,Павлова Ксения Андреевна,,455.0,569.0
Все-все-все веселые рассказы,Носов Николай Николаевич,,999.0,1249.0
"Истории про дядю Федора, Матроскина и Шарика",Успенский Эдуард Николаевич,,263.0,329.0
Sonic. Всё или ничего. Комикс. Том 7,Флинн Иэн,10.0,695.0,869.0
Супербольшие прописи для подготовки к школе,Дмитриева Валентина Геннадьевна,,207.0,259.0
Веселая азбука,Маршак Самуил Яковлевич,,263.0,329.0
"Машины, поезда, самолеты и корабли",Ликсо Вячеслав Владимирович,,1255.0,1569.0
Жук-олень против соперников!,У Сянминь,,556.0,679.0
Балерины,Пратт Леоне,9.8,616.0,771.0
Волшебник Изумрудного города,Волков Александр Мелентьевич,9.8,749.0,937.0
Minecraft: остров,Брукс Макс,9.3,567.0,709.0
Середина сосиски,Остер Григорий Бенционович,,95.0,124.0
Футбол. Большая энциклопедия,Шпаковский Марк Максимович,,791.0,989.0
Обводилки. Блокнот с заданиями. Более 50 игровых заданий,,,65.0,82.0
Гравити Фолз. Полная история. Сезон 1,Хирш Алекс,,1320.0,1651.0
Техника. Суперкнижка. 600 наклеек,Дмитриева Валентина Геннадьевна,,455.0,569.0
Сердце Хищника. Анимоксы,Картер Эйми,9.6,583.0,729.0
Автомобили. 100 ярких наклеек,Дмитриева Валентина Геннадьевна,,215.0,269.0
Мирабель. Урок с котятами (выпуск 5),Манкастер Гарриет,,495.0,619.0
Классические прописи. Пишем буквы,,,47.0,59.0
Крокодил Гена и его друзья. Раскрась Чебурашку,Успенский Эдуард Николаевич,,114.0,149.0
Манга-девочки. Аниме-раскраска,Ивахнова Т.В. (худ.),,123.0,154.0
Разрезная русская азбука. Наглядное пособие,Сторожевских О.А.,,111.0,139.0
Магнитная азбука,Жукова Надежда Сергеевна,9.5,1127.0,1409.0
Русские народные сказки,,,479.0,599.0
Буквы. Весь алфавит от А до Я,Куликова Елена Николаевна,,215.0,269.0
"Наклейки для поощрения ""Солнышки SUPER""",,8.4,16.0,20.0
Прописи. От печатных букв к письменным,Чиркова Светлана Владимировна,,43.0,54.0
Бутербродный вор,Вебб Холли,,375.0,469.0
Дневник Стива. Квадратное странствие продолжается! Книги 6-10,,,1127.0,1409.0
Человек. Новая детская энциклопедия,Травина И.В.,,919.0,1149.0
Кирпичные острова. Рассказы про Кешку и его друзей,Погодин Радий Петрович,,247.0,309.0
Коты стерегут город. Правдивая история эрмитажного кота Василия,Альбедиль Маргарита Фёдоровна,,420.0,619.0
Блошиный рынок,Мастрюкова Татьяна,,607.0,759.0
Маленький принц,Сент-Экзюпери Антуан де,9.6,663.0,829.0
Вежливые слова,Корнеева Ольга Тихоновна,,95.0,119.0
Гравити Фолз. Графический роман. Вып. 3,Хирш Алекс,9.1,623.0,779.0
Питер Пэн,Барри Джеймс Мэтью,9.1,415.0,519.0
Котенок Шмяк. Мамин помощник,Скоттон Роб,,352.0,499.0
Кто это?,Панасюк Инна Сергеевна,,192.0,240.0
Транспорт. Многоразовая водная раскраска с фломастером,Цветкова Наталья Валерьевна,,455.0,569.0
Космос. Интерактивный детский атлас с откидными разворотами,"Душек Иржи, Пишала Ян",,912.0,1141.0
Книга для чтения от 2 до 5 лет,"Маршак Самуил Яковлевич, Барто Агния Львовна, Пришвин Михаил Михайлович",,959.0,1199.0
Животные. Водная раскраска. 8 рисунков,,,143.0,179.0
"Коты Санкт-Петербурга. Раскраска по точкам, буквам и цветам. 24 прогулки по Петербургу",Божбова А.Н. (худ.),,215.0,269.0
Шляпа Волшебника. Муми-тролли и все-все-все. Книга 1: повести-сказки,Янссон Туве Марика,,868.0,1085.0
Не открывать! Малипусечки!,Хаберзак Шарлотта,,567.0,709.0
Алиса в Стране чудес. Алиса в Зазеркалье,Кэрролл Л.,,711.0,889.0
Мойдодыр,Чуковский К.И.,,155.0,194.0
Красная книга мира,Пескова И.М.,,1255.0,1569.0
100 тысяч почему,Бобков Павел Владимирович,,663.0,829.0
Круэлла,Рудник Элизабет,8.8,455.0,569.0
Прописи дошкольника. Цифры. Тренажер для детей 4 лет,Черноиванова Н. (сост.),,36.0,45.0
Я краснею,Лю Сюань,,455.0,569.0
Умный блокнот. 75 задачек. Картинки с отличиями,,,127.0,159.0
Сказки,Прокофьева Софья Леонидовна,,231.0,289.0
Три Толстяка,Олеша Юрий Карлович,,263.0,329.0
Военная техника. Раскраска,,,51.0,64.0
Приключения котенка в Петербурге. Полезные сказки,Кретова Кристина Александровна,,399.0,499.0
Фантастические единороги,Ивахнова Т.В. (худ.),,123.0,154.0
Живая шляпа (ил. И. Семёнова),Носов Николай Николаевич,9.9,998.0,1248.0
Считалочки,,,107.0,134.0
Как приручить дракона: повесть,Коуэлл Крессида,9.1,657.0,822.0
Котенок Шмяк на фабрике мороженого,Дрисколл Лора,10.0,183.0,269.0
Прописи. Комплект из 3-х частей,Жукова Надежда Сергеевна,,295.0,369.0
Гарри Поттер. Путешествие в историю волшебства,Роулинг Джоан Кэтлин,9.1,1066.0,1333.0
Дети леса. Тайна Холли,Брандис Катя,9.5,567.0,709.0
Все прописи. Для дошколят,Зозуля О.,,143.0,179.0
Азбука юного петербуржца,Скибин Виктор Сергеевич,,607.0,759.0
33 Котенка,Трощева Т.С.,,107.0,134.0
Старик Хоттабыч,"Лагин, Лазарь Иосифович",9.2,831.0,1039.0
Сказки (ил. А. Власовой),Пушкин Александр Сергеевич,9.8,663.0,829.0
"Водная раскраска ""Мудрая сова"". 16 страниц 8 иллюстраций. Обложка УФ-лак",,,83.0,104.0
Шахматы для детей,Чеваннес Сабрина,,1047.0,1309.0
Фея,"Уотт, Фиона",10.0,370.0,463.0
Гуси-гуси: русские народные потешки,,,127.0,159.0
Приключения Незнайки и его друзей (ил. Г. Валька),Носов Николай Николаевич,10.0,815.0,1019.0
Стильные принцессы. Большая раскраска для девочек,,,191.0,239.0
Питер Пэн,Барри Джеймс Мэтью,,999.0,1249.0
Недопесок,Коваль Юрий Иосифович,,223.0,279.0
Злая книга,Мист М.,,567.0,709.0
Сказки русских писателей,Ушинский Константин Дмитриевич,,231.0,289.0
Окружающий мир и времена года,Дмитриева Валентина Геннадьевна,,455.0,569.0
Космос,МакРей Энн,,351.0,439.0
IQ блокнот. 75 лабиринтов. Самых запутанных,,,127.0,159.0
Жук-скакун и нечестный поединок,У Сянминь,,556.0,679.0
"Котёнок Снежинка, или Зимнее волшебство",Вебб Холли,9.5,327.0,409.0
"Наклейки для поощрения ""Смайлики""",,8.2,16.0,20.0
Совуня. Книжка с наклейками. Более 70 наклеек!,,,103.0,129.0
Дай лапу! Большая книга добрых историй,Вебб Холли,,527.0,659.0
Злые сестры. История трех ведьм,Валентино Серена,9.0,527.0,659.0
Машины и тракторы. Более 200 наклеек!,Уотсон Ханна,,370.0,463.0
Ночь перед Рождеством,Гоголь Николай Васильевич,9.2,247.0,309.0
Я раскрашиваю кавайных милашек,Волченко Ю.С.,,219.0,274.0
Муми-тролли. Большая книга для маленьких,"Хариди Алекс, Хеккиля Сесилия, Дэвидсон Сесилия",,1047.0,1309.0
Какой это цвет? Книжки-задвижки,"Сеидова О., Митченко Ю.",,348.0,469.0
Золотые сказки,Пушкин Александр Сергеевич,10.0,831.0,1039.0
Гарри Поттер и Тайная комната (с цветными иллюстрациями),Роулинг Джоан Кэтлин,9.5,2236.0,2795.0
Единорог,Уотт Фиона,,370.0,463.0
Коллекция добрых историй: рассказы,Вебб Холли,10.0,751.0,939.0
Путешествие в Майнкрафт. Книга 1. Крипер у порога,Гит Алекс,,399.0,499.0
Убийства в кукольном домике,Райт Бетти Рен,8.4,583.0,729.0
Пазлы. Учимся читать по слогам,Писарева Елена Александровна,,642.0,809.0
Леди Баг и Супер-Кот. Раскраска (Чудесное приключение),Симакина А. (ред.),,120.0,151.0
Страшно загадочные истории,Салтыков М.,,815.0,1019.0
Про машинки. Книга с колесиками,Купырина Анна Михайловна,,281.0,439.0
Желтый Туман,Волков Александр Мелентьевич,9.8,735.0,919.0
Ведьмина служба доставки. Книга 1 : сборник рассказов,Кадоно Эйко,9.9,495.0,619.0
Щелкунчик,Гофман Эрнст Теодор Амадей,8.0,751.0,939.0
Буквы. Блокнот с заданиями. Более 50 игровых заданий,,,65.0,82.0
Я знаю все! Большая иллюстрированная энциклопедия интеллекта,Дегтярёва Т.,,1167.0,1459.0
Жирафик Жора,,,71.0,89.0
Леди Баг и Супер-Кот. Лучшие истории Чудесных,Харрис Фиона,,620.0,775.0
L.O.L. Surprise! Прогулка с куколками. Наклейки для модниц,,,439.0,549.0
"Котенок Клякса, или Загадка привидения (выпуск 44)",Вебб Холли,,460.0,575.0
Дневник фокса Микки. Повести,Черный С.,,231.0,289.0
Записки из Зеленого Бора. Заветная тайна Крота Фердинанда,Брюн-Арно Микаэль,,919.0,1149.0
Время всегда хорошее. Повесть,"Жвалевский Андрей Валентинович, Пастернак Евгения Борисовна",,699.0,901.0
Сто лет тому вперед,Булычев К.,,271.0,339.0
"Котёнок Милли, или С возвращением, леопард!",Вебб Холли,9.6,327.0,409.0
"Щенок Молли, или Ищу хозяйку: повесть",Вебб Холли,9.4,327.0,409.0
Живая шляпа и другие любимые рассказы,Носов Николай Николаевич,10.0,1233.0,1542.0
Русалочка. Между морем и землей,,,415.0,519.0
Душа акулы (#1),Брандис Катя,9.2,543.0,679.0
250 лучших головоломок для мальчиков,Прудник Анастасия Александровна,,415.0,519.0
Математический тренажер. Сложение и вычитание,Чиркова Светлана Владимировна,,34.0,54.0
МИМИкнижки. Первая книга малыша. 6 книжек - кубиков,Сосновский Евгений Анатольевич,,935.0,1199.0
Фу-Фу и Кис-Кис. Загадочные расследования в Скверном лесу,Матюшкина Екатерина Александровна,,583.0,729.0
Скороговорки,,,107.0,134.0
"Щенок Тоби, или Старший друг",Вебб Холли,9.8,327.0,409.0
Английский алфавит (33 карточки с транскрипцией наобороте) (комплект) (упаковка),,6.3,204.0,319.0
Приключения барона Мюнхаузена,Распе Рудольф Эрих,8.3,351.0,439.0
Minecraft. Вирусная история. Часть 1,Целлнер Дэвид,,607.0,759.0
Сказки дядюшки Римуса,"Харрис Джоэль Чандлер, Харрис Джоанн",,215.0,269.0
Дневник героя. Минус и один зомби. Книга 1,Кид Кьюб,,415.0,519.0
Кот да Винчи. Магическая ловушка,Матюшкина Екатерина Александровна,,583.0,729.0
Сказка о глупом мышонке,Маршак Самуил Яковлевич,,663.0,829.0
Царевны. Соня и Радужный водопад,Каменских Наталья Михайловна,,543.0,679.0
"Первая книга малыша. Стихи, сказки, загадки",Неволина Екатерина Александровна,8.7,527.0,659.0
Все сказки К. Чуковского. Читают ребята из детского сада,"Чуковский, Корней Иванович",10.0,751.0,939.0
1000 лабиринтов и головоломок,Малышкина Мария Викторовна,,375.0,469.0
"Рони, дочь разбойника",Линдгрен Астрид Анни Эмилия,9.7,886.0,1149.0
Ночные тетради,Уайт Джек Э.,9.8,479.0,599.0
Кто как кричит?,,,75.0,94.0
Большая книга о космосе. 1001 фотография,Ликсо Вячеслав Владимирович,,1591.0,1989.0
Подготовка к письму. Часть 1. Для детей 5-6 лет,,,47.0,59.0
Гравити Фолз. Счастливого Летоуина. Супермаркет ужасов (книга-перевертыш),,8.4,479.0,599.0
Крокодил Гена и его друзья,Успенский Эдуард Николаевич,,583.0,729.0
Витя Малеев в школе и дома,Носов Николай Николаевич,,751.0,939.0
Белый пудель. Повесть,Куприн Александр Иванович,,215.0,269.0
Урфин Джюс и его деревянные солдаты.,Волков Александр Мелентьевич,9.8,815.0,1019.0
"Я считаю до двадцати. Математика для детей 6-7 лет. - 2-е изд., перераб. и доп.",Колесникова Елена Владимировна,8.1,169.0,295.0
1001 загадка,"Елкина Наталья Васильевна, Тарабарина Татьяна Ивановна",,439.0,549.0
Дневник Слабака,Кинни Джефф,8.9,567.0,709.0
Вокруг света за 80 дней,Верн Жюль,10.0,607.0,759.0
Все динозавры с крупными буквами,Ананьева Елена Германовна,,1208.0,1511.0
Тачки. Жми на газ!,,,399.0,499.0
Русские сказки (Царевна),Толстой Алексей Николаевич,,1047.0,1309.0
Книжки-картонки. Малыши и мамы,"Гагарина М., отв. ред.",,217.0,279.0
Маугли,Киплинг Редьярд Джозеф,9.5,735.0,919.0
Прописи. Пишем слоги и слова,Чиркова Светлана Владимировна,,43.0,54.0
Единорожки. 100 наклеек,,,123.0,154.0
Загадка старинных медальонов,Ноубел Джулия,,479.0,599.0
Загадка старого особняка,Райт Бетти Рен,,567.0,709.0
"Радио ""Морок""",Мастрюкова Татьяна,8.7,607.0,759.0
Двенадцать секретов,Брандис Катя,,567.0,709.0
Муми-тролли и Большая книга Муми-дола,"Янссон Туве Марика, Хариди Алекс, Дэвидсон Сесилия",,735.0,919.0
Космос. Большая детская энциклопедия,Воронина Н.,,647.0,809.0
Затерянные во вселенной Among Us,Гринспан Ева,,695.0,869.0
Приключения Электроника,Велтистов Евгений Серафимович,,263.0,329.0
Котенок Шмяк в парке аттракционов,Скоттон Роб,,183.0,269.0
Умный малыш. Кто живёт в лесу? Набор карточек для детей.,Ходюшина Н.П.,9.7,75.0,94.0
"Азбука для самых маленьких (комплект карточек, 33 шт)",,,204.0,319.0
"""Три поросенка"". Книжка-панорама с движущимися картинками",Дорофеева В.,,223.0,279.0
Болотница,Мастрюкова Татьяна,9.1,607.0,759.0
Моя первая азбука,Сосновский Евгений Анатольевич,,1061.0,1359.0
Мои первые многоразовые наклейки 2+,,,362.0,469.0
"Дневник Зомби из ""Майнкрафта"". Книга 1. Тяжелые будни в Школе Страха",Зомби Зак,,311.0,389.0
Приключения Алисы в Стране Чудес,Кэрролл Л.,,231.0,289.0
Детективы-футболисты. Тайна призрачного вратаря,Сантьяго Роберто,,695.0,869.0
Каштанка. Рассказы,Чехов Антон Павлович,,207.0,259.0
Раскраска-антистресс «Мир равновесия»,,,175.0,219.0
Что? Зачем? Почему? Большая книга вопросов и ответов,Дегтярёва Т.,,1215.0,1519.0
Лучшие сказки со всего мира,Парнякова М.В.,,1127.0,1409.0
Котенок Шмяк и морские истории,Скоттон Роб,10.0,183.0,269.0
Гравити Фолз. Дневник Диппера и Мэйбл,"Пайнс, Диппер , Пайнс, Мэйбл",9.3,815.0,1019.0
Корней Чуковский детям. Сборник произведений К. Чуковского для детей дошкольного возраста,"Чуковский, Корней Иванович",,244.0,349.0
"Учимся читать с 2-х лет. Азбука, букварь, прописи",Ткаченко Наталия Александровна,,791.0,989.0
Робинзон Крузо,Дефо Даниэль,9.4,455.0,569.0
Minecraft. Край,Валенте Кэтрин М.,,567.0,709.0
"Все, что нужно прочитать малышу до 3 лет","Маршак Самуил Яковлевич, Михалков Сергей Владимирович, Барто Агния Львовна",,620.0,775.0
Финансовая грамотность,Ликсо Вячеслав Владимирович,,695.0,869.0
Мой папа самый лучший. Милые книжки с глазками,Купырина Анна Михайловна,,375.0,469.0
Я считаю до десяти. Рабочая тетрадь для детей 5-6 лет. ФГОС ДО 2023,Колесникова Елена Владимировна,,119.0,274.0
Карта-раскраска Санкт-Петербург,Должницкая А.,,135.0,169.0
Огненный бог Марранов,Волков Александр Мелентьевич,9.8,695.0,869.0
Смешные рассказы для детей,Успенский Эдуард Николаевич,9.5,263.0,329.0
Пеппи Длинныйчулок поселяется в вилле Курица,Линдгрен Астрид Анни Эмилия,9.5,605.0,759.0
Прогулки по Эрмитажу,Усачёв Андрей Алексеевич,9.0,751.0,939.0
Раскраска-конструктор.Транспорт,,,320.0,409.0
"Я читаю сам. Стихи, сказки, рассказы. 2 уровень сложности","Михалков Сергей Владимирович, Осеева Валентина Александровна, Барто Агния Львовна, Маршак Самуил Яковлевич",,527.0,659.0
Рисование. Первые шаги,Дегтярёва Т.,,583.0,729.0
Пропись 1,Жукова Надежда Сергеевна,,103.0,134.0
Чи. Милый дом Чи. Книга 2,Конами Каната,9.8,623.0,779.0
Школа ужасов,Остер Григорий Бенционович,,527.0,659.0
Ночевка с грабителями,Вебб Холли,,375.0,469.0
Битва за лес,Хантер Э.,10.0,469.0,659.0
Зима в Простоквашино и другие истории,Успенский Эдуард Николаевич,,607.0,759.0
Три Толстяка: роман-сказка,Олеша Юрий Карлович,,231.0,289.0
Паровозик из Ромашково. Сказки,Цыферов Геннадий Михайлович,,247.0,309.0
Царевны. Аленка и живая вода,Каменских Наталья Михайловна,,527.0,659.0
Тетрадь с заданиями для развития детей. Готовимся к письму. Ч. 1,,8.7,43.0,54.0
Тетрадь с заданиями для развития детей. Дошкольные прописи в линию. Часть 2,,8.6,43.0,54.0
Годовой курс развивающих занятий: для детей 4-5 лет,Володина Наталья Владимировна,,1047.0,1309.0
Двенадцать месяцев,Маршак Самуил Яковлевич,,375.0,469.0
Рисуй и стирай. Ушки на макушке (с фломастером) 3+. Многоразовая раскраска,Тимофеева Татьяна Владимировна,,223.0,279.0
Поллианна выросла,Портер Элинор,9.6,583.0,729.0
Учимся рисовать,Шалаева Галина Петровна,,999.0,1249.0
Красочный мир животных,Балле Кристин,,1591.0,1989.0
"Котёнок Веснушка, или Как научиться помогать",Вебб Холли,9.8,327.0,409.0
Гравити Фолз. Графический роман. Выпуск 4,Хирш Алекс,9.5,623.0,779.0
Не открывать! Липко!,Хаберзак Шарлотта,9.5,583.0,729.0
Месть пумы,Брандис Катя,9.7,567.0,709.0
Тайна анонимных писем,Блайтон Энид Мэри,,351.0,439.0
Привет от привидения!,"Матюшкина Екатерина Александровна, Оковитая Екатерина Викторовна",,567.0,709.0
Современные девчонки. Большая раскраска для девочек,,,191.0,239.0
Алиса в Стране чудес,Кэрролл Л.,,647.0,809.0
Холодное сердце. Королевские истории,"Камби Валентина, Фрэнсис Сьюзан, Эдвардс Джон",,1167.0,1459.0
Самая лучшая иллюстрированная энциклопедия. Собаки,"Вайткене Любовь Дмитриевна, Барановская Ирина Геннадьевна, Прудник Анастасия Александровна",,959.0,1199.0
Приключения Пифа,Остер Григорий Бенционович,,751.0,939.0
Дневник слабака-17. Полный Бамперс,Кинни Джефф,,567.0,709.0
Тетрадь с заданиями для развития детей. Рисуем по клеточкам. Часть 2,,7.7,43.0,54.0
В поисках алмазного меча. Книга 1,Морган Уинтер,,351.0,439.0
Обучение грамоте. Часть 2. Для детей 5-6 лет,,,47.0,59.0
Прописи. Пишем буквы правильно,Чиркова Светлана Владимировна,,43.0,54.0
Раскраска-антистресс,,,131.0,164.0
Большая книга о технике. 1001 фотография,Ликсо Вячеслав Владимирович,,1591.0,1989.0
Котенок Шмяк. Большая книга школьных историй. 5 книг в одной,Скоттон Роб,,464.0,659.0
"""Багаж"" и другие стихи",Маршак Самуил Яковлевич,,263.0,329.0
Котенок по имени Гав. Сказки,Остер Григорий Бенционович,,959.0,1199.0
Оружие и боевая техника,"Ликсо Вячеслав Владимирович, Хомич Елена Олеговна, Мерников Андрей Геннадьевич",,1087.0,1359.0
Котенок Шмяк и Сырник. Большая книга веселых историй,Скоттон Роб,,511.0,679.0
Потешки,Гайдель Е.А.,,156.0,199.0
Тетрадь с заданиями для развития детей. Готовимся к письму. Часть 2,,9.0,43.0,54.0
Тайна заброшенного замка,Волков Александр Мелентьевич,9.7,695.0,869.0
Годовой курс подготовки к школе: для детей 6-7 лет,Липская Наталья Михайловна,,1047.0,1309.0
Лучшие стихи для детей (Книжка в подарок),Барто Агния Львовна,,254.0,339.0
Книга занимательных занятий для девочек с допреальностью,,,440.0,569.0
Город темных секретов: роман,Гаглоев Евгений Фронтикович,9.5,455.0,569.0
Тук-тук-тук! : рассказы,Носов Николай Николаевич,10.0,775.0,969.0
Дневник Стива. Книга 6. Секретные МУ-Утериалы,Дегтярёва Т.,9.7,424.0,531.0
Большой атлас мира в картинках,Бон Эмили,,815.0,1019.0
30 занятий для успешной подготовки к школе. 6 лет. Часть 2,"Гаврина Светлана Евгеньевна, Щербинина Светлана Владимировна, Кутявина Наталья Леонидовна",,43.0,54.0
Plants vs Zombies. Апокалипсис на лужайке. Графический роман,Тобин Пол,,647.0,809.0
"Книжный конструктор ""Техника""",Сосновский Евгений Анатольевич,,739.0,939.0
Подводный мир,МакРей Энн,,351.0,439.0
Леди Баг и Супер-Кот. Раскраска (Леди Баг),Симакина А. (ред.),,114.0,149.0
Шаг 1. Учимся писать буквы. Прописи для левшей,Назаренко Марина,,119.0,149.0
Барбоскины Team,Антонова Анна Евгеньевна,,472.0,591.0
Опасная тропа.- Пер. с англ. В.А. Максимовой,"Хантер, Эрин",9.9,469.0,659.0
Рабочая тетрадь. Мои печатные прописи 4-6 лет,Бортникова Елена Федоровна,9.4,55.0,69.0
Маленький принц,Сент-Экзюпери Антуан де,9.5,583.0,729.0
Крокодил Гена и его друзья,Успенский Эдуард Николаевич,,567.0,709.0
100 крутых картинок для мальчиков. Раскраска,,,231.0,289.0
Слоговые таблицы. Быстрый способ научить читать,Дмитриева Валентина Геннадьевна,,271.0,339.0
Динозавры,Дмитриева Валентина Геннадьевна,,207.0,259.0
Атлас мира. 12 карт для нового поколения,,,455.0,569.0
Цветик-семицветик. Сказки,Катаев Валентин Петрович,,735.0,919.0
Лучшая раскраска! Транспорт,Свешников К.А. (худ.),,319.0,399.0
Серая Шейка. Сказки,Мамин-Сибиряк Дмитрий Наркисович,,231.0,289.0
Первая рыбка. Сказки и рассказы,Пермяк Евгений Андреевич,,247.0,309.0
Кошачья голова,Мастрюкова Татьяна,9.0,607.0,759.0
Волшебное слово. Рассказы,Осеева Валентина Александровна,,207.0,259.0
Полный «Котобой». Все приключения знаменитых котов,Усачёв Андрей Алексеевич,,1255.0,1569.0
Северное сияние (Золотой компас),Пулман Филип,9.6,775.0,969.0
Самые лучшие прописи,,,199.0,249.0
Мои первые лабиринты,Голдинг Элизабет,,306.0,389.0
Веселый счет (ПозРазвРаст) ФГОС ДО Панасюк,Панасюк Инна Сергеевна,,192.0,240.0
СамЧитаюПоСлогам Сутеев Маленькие сказки,Сутеев Владимир Григорьевич,,91.0,119.0
Игрушки,Станкевич С.А.,,319.0,399.0
Что такое хорошо и что такое плохо,Маяковский Владимир Владимирович,,79.0,99.0
Синий трактор. По полям,,,271.0,339.0
Маленький принц,Сент-Экзюпери Антуан де,,815.0,1019.0
Чучело,Железников Владимир Карпович,,263.0,329.0
Часодеи. Книга 3. Часовая башня,Щерба Наталья Васильевна,9.7,647.0,809.0
Годовой курс обучающих занятий: для детей 5-6 лет,Володина Наталья Владимировна,,1047.0,1309.0
Фантазёры: Рассказы,Носов Николай Николаевич,10.0,607.0,759.0
Грузовики,Тадхоуп Саймон,,616.0,771.0
Красная шапочка. Книжка-панорама с движущимися картинками,Перро Шарль,,223.0,279.0
Азбука,Севирина Р.С.,,133.0,240.0
Приключения Незнайки и его друзей (илл. Челака),Носов Николай Николаевич,9.8,831.0,1039.0
Котенок по имени Гав. Хорошо спрятанная котлета,Остер Григорий Бенционович,,91.0,119.0
Эмиль из Леннеберги,Линдгрен Астрид Анни Эмилия,9.2,607.0,759.0
Дневничок с наклейками для девочек,"Дмитриева В.Г.,сост.",,415.0,519.0
Тайна привратников,Джонс Лина,,527.0,659.0
Прописи. Обводим и рисуем правильно,Чиркова Светлана Владимировна,,43.0,54.0
Minecraft. Том 1. Графический роман,Монстр Сфе Р.,,647.0,809.0
Пазлы. Моя первая азбука,,,418.0,549.0
Проклятие кошачьего папируса,Вебб Холли,,375.0,469.0
Чучело: повести,Железников Владимир Карпович,,231.0,289.0
Кроссворды и игры со словами,Дмитриева Валентина Геннадьевна,,174.0,219.0
"Буква ""ты"". Сказки и рассказы",Пантелеев Л.,,231.0,289.0
Животные,"Агоста Лоредана, МакРей Энн",,351.0,439.0
Все-все-все Денискины рассказы,Драгунский Виктор Юзефович,,695.0,869.0
Оригами для самых маленьких,Сухаревская Ольга Николаевна,,254.0,349.0
Секреты племен /2 изд.,"Хантер, Эрин",9.8,1060.0,1519.0
Тетрадь с заданиями для развития детей. Рисуем по клеточкам. Часть 1,,9.1,43.0,54.0
Все приключения кота да Винчи,Матюшкина Екатерина Александровна,9.4,735.0,919.0
В лесу. Виммельбух,Саломатина Е.И.,10.0,1044.0,1305.0
Смешные истории,"Драгунский Виктор Юзефович, Зощенко Михаил Михайлович, Дружинина Марина Владимировна, Осеева Валентина Александровна, Голявкин Виктор Владимирович",9.3,215.0,269.0
Кто какой (ПозРазвРаст) ФГОС ДО Панасюк,Панасюк Инна Сергеевна,,159.0,240.0
Цвета,,,231.0,289.0
День огня,Брандис Катя,9.8,567.0,709.0
Чудо-песенки,Михалков Сергей Владимирович,,107.0,134.0
Большая раскраска с Хаги Ваги,Кларштейн А.,,271.0,339.0
Про строительные машины. Книга с колесиками,Купырина Анна Михайловна,,329.0,439.0
Шаг 2. Учимся писать слова. Прописи для левшей,Назаренко Марина,,119.0,149.0
Исправление плохого почерка. Комплексный тренажер,"Узорова Ольга Васильевна, Нефёдова Елена Алексеевна",,223.0,279.0
Приключения Эмиля из Лённеберги. Повесть,Линдгрен Астрид Анни Эмилия,9.8,1167.0,1459.0
Книжки-картонки. Путешествие по радуге,"Сосновский, Евгений Анатольевич",,217.0,279.0
"Дневник Стива. Книга 7. Стив, колдунья и наковальни",,9.7,424.0,531.0
Учимся читать 5-7 лет,"Куцина Екатерина Владимировна, Созонова Надежда Николаевна",,164.0,209.0
Сказки,Киплинг Редьярд Джозеф,,959.0,1199.0
Автомобили,Крафт Поль,,1127.0,1409.0
Перси Джексон и море Чудовищ,Риордан Рик,9.4,527.0,659.0
Классические прописи. Крючки и закорючки,,,47.0,59.0
16 уроков исправления плохого почерка,Петренко С.В.,,83.0,104.0
Тринадцать,Аллен Джош,,495.0,619.0
"Аля, Кляксич и буква А (ил. Е. Гальдяевой)",Токмакова Ирина Петровна,,207.0,259.0
Всё о Малыше и Карлсоне,Линдгрен Астрид Анни Эмилия,,1847.0,2309.0
Моланг. Невероятно милые наклейки,Котятова Наталья Игоревна,,127.0,159.0
Шепчущий череп (#2) (в оформлении Полины Dr. Graf),Страуд Джонатан,10.0,527.0,659.0
Круглый год. Альбом для раскрашивания,Илюхина Е. (ред.),,165.0,209.0
Большая книга о военной технике. 1001 фотография,Ликсо Вячеслав Владимирович,,1503.0,1879.0
Пеппи Длинныйчулок. Повесть-сказка,Линдгрен Астрид Анни Эмилия,9.7,1255.0,1569.0
Воздушный замок,Джонс Диана Уинн,9.4,567.0,709.0
Я считаю до пяти. Рабочая тетрадь для дошк. 4-5 лет,Колесникова Елена Владимировна,8.3,174.0,295.0
Драконья сага. Скрытое королевство,Сазерленд Туи Т.,10.0,567.0,709.0
Красная книга России,Дунаева Ю.А.,,1255.0,1569.0
В поисках золотого яблока. Книга 1,Миллер Меган,,791.0,989.0
Забавные животные,,,123.0,154.0
Маленькие истории про Простоквашино,Успенский Эдуард Николаевич,,91.0,119.0
Тимур и его команда,Гайдар А.П.,,351.0,439.0
Отзывчивое сердце. Большая книга добрых историй,Вебб Холли,,564.0,706.0
Необыкновенные приключения Карика и Вали,Ларри Ян Леопольдович,,285.0,357.0
Моя книга наклеек. Животные мира,Брауэр Ингрид,,455.0,599.0
Учимся писать цифры. Тренажер для детей 6 лет,,,36.0,45.0
Мои первые картинки и стихи. Животные. От 6 месяцев,Сосновский Евгений Анатольевич,,539.0,709.0
Леди Баг и Супер-Кот. Лучшие приключения Чудесных,Харрис Фиона,,620.0,775.0
Стань диким! Огонь и лед,Хантер Э.,,1005.0,1459.0
Все-все-все лучшие зарубежные волшебные сказки,"Перро Шарль , Гримм Якоб и Вильгельм, Андерсен Ганс Христиан",,695.0,869.0
Строительные машины,Бутикова М. (ред.),,185.0,232.0
Фу-Фу и Кис-Кис. Укуси вампира!,"Матюшкина Екатерина Александровна, Оковитая Екатерина Викторовна",,583.0,729.0
Дорога жизни,Иванова Юлия Николаевна,,199.0,249.0
Моланг. Супернежные наклейки,Котятова Н.И.,,127.0,159.0
"Что, зачем и почему?",Покидаева Татьяна Юрьевна,,583.0,729.0
Тетрадь с заданиями для развития детей. Дошкольные прописи в линию. Часть 1,,8.1,43.0,54.0
Таймлесс. Сапфировая книга,Гир Керстин,9.7,544.0,709.0
Петька-микроб,Остер Григорий Бенционович,10.0,263.0,329.0
Гарри Поттер. Полное собрание (комплект из 7 книг в футляре),Роулинг Джоан Кэтлин,8.7,6763.0,8454.0
Minecraft. Мобиология,,8.8,621.0,919.0
"Малыш и Карлсон, который живет на крыше",Линдгрен Астрид Анни Эмилия,9.5,455.0,569.0
Холодное сердце. Удивительные истории,Дегтярёва Т.,,1087.0,1359.0
Прописи. Пишем с наклоном,Чиркова Светлана Владимировна,,34.0,54.0
Животные. Большая суперраскраска,,,247.0,309.0
Касса слогов. 33 карточки с текстом на обороте,,,169.0,319.0
"Король Лев. Помни, кто ты. Книга для чтения с цветными картинками",,,415.0,519.0
Все про Дедморозовку. Сказочные повести (6 историй),Усачёв Андрей Алексеевич,,1167.0,1459.0
Чук и Гек: рассказы,Гайдар А.П.,,415.0,519.0
Леди Баг и Супер-Кот. Королева стиля,Саморядова Елена Александровна,,399.0,499.0
Лучшая раскраска! Животные,Сычева И.В. (худ.),,319.0,399.0
Выпусти меня отсюда! Книга с подвохом,Шумахер Йенс,,583.0,729.0
Пишем красиво цифры,Петренко Станислав Викторович,,87.0,109.0
Сказочные персонажи. Раскрась водой. 6 картинок,Помаскина Е. (худ.),,151.0,189.0
Песенки,Гайдель Е.А.,,156.0,199.0
Четыре желания. Рассказы и сказки,Ушинский Константин Дмитриевич,,231.0,289.0
Приключения Алисы Селезневой: сборник,Булычев К.,,255.0,319.0
Книга для чтения от 6 месяцев до 3 лет (2-ое издание),"Толстой Алексей Николаевич, Барто Агния Львовна, Бианки Виталий Валентинович",,919.0,1149.0
Русский алфавит (2-е изд.),Петренко Станислав Викторович,,83.0,104.0
Умный малыш. Читаем слоги твёрдо. Набор карточек для детей.,,10.0,75.0,94.0
Медвежонок Паддингтон. Приключения начинаются: повести,Бонд Майкл,9.3,647.0,809.0
Транспорт,Станкевич С.А.,,319.0,399.0
Переполох с драконом,Манкастер Гарриет,,495.0,619.0
Стихи и сказки,Пушкин Александр Сергеевич,,405.0,599.0
Рассказы по картинкам. Умные игры с картами. Игра развивающая и обучающая. Для детей от 4 лет,,,254.0,319.0
Приоткрытая дверь,Мастрюкова Татьяна,8.5,607.0,759.0
Большая пластилиновая книга увлечений и развлечений. Первые шаги маленького скульптора,Кабаченко Сергей Борисович,,751.0,939.0
Техника,Проказов Борис Борисович,,1423.0,1779.0
Все о пиратах Кошачьего моря. Том 1. На абордаж. Остров забытых сокровищ. Мумия мятежника,Амасова Аня,,1167.0,1459.0
"Самая мощная раскраска для фанатов Minecraft (неофициальная, но оригинальная)",Араловец А.,,272.0,340.0
"Котенок Тучка, или Пушистое приключение",Вебб Холли,,327.0,409.0
Сказки. Руслан и Людмила,Пушкин Александр Сергеевич,,1087.0,1359.0
Дом с привидениями. Виммельбух,Илюхина Е.,,207.0,259.0
Королевство кривых зеркал,Губарев Виталий Георгиевич,,263.0,329.0
Книга увлекательных занятий для девочек с наклейками,Демченко А.,,455.0,599.0
На стройке,Бигхем Джейн,,370.0,463.0
Я очень люблю раскрашивать kawaii,Смирнова И.О.,,311.0,389.0
Книга сказок В.Сутеева,Сутеев Владимир Григорьевич,9.7,1423.0,1779.0
"Что делать, если...",Петрановская Людмила Владимировна,9.8,1167.0,1459.0
Приключения Чиполлино (ил.В.Челака),Родари Джанни,9.7,695.0,869.0
Таня Гроттер и магический контрабас,Емец Дмитрий Александрович,9.0,495.0,619.0
Котёнок по имени Гав,Остер Григорий Бенционович,,215.0,269.0
Умный малыш. Домашние животные,Ходюшина Н.П.,9.3,75.0,94.0
Кораблик,Сутеев Владимир Григорьевич,,607.0,759.0
Секрет сфинкса,Брандис Катя,9.7,567.0,709.0
Minecraft: Утерянные дневники,Лафферти Мер,,567.0,709.0
Роуз и тайна магии,Вебб Холли,,415.0,519.0
Пушистики. Раскраска,,,119.0,149.0
Энциклопедия в дополненной реальности. Космос. От пылинки до галактики,Петрова Ю.,,1167.0,1459.0
Каштанка,Чехов Антон Павлович,,231.0,289.0
Синяя Птица,Метерлинк Морис,,831.0,1039.0
"Книжка-панорамка ""Первые потешки""",,,624.0,919.0
Леди Баг и Супер-Кот. День героев,Миллер Анна,,404.0,505.0
"Игры в реале для фанатов Minecraft (неофициальные, но оригинальные)",Саломатина Елена Ивановна,,327.0,409.0
Детство Темы. Автобиографическая повесть,Гарин-Михайловский Николай Георгиевич,,204.0,256.0
"Крокодил Гена, Чебурашка и Шапокляк. Раскрась Чебурашку",Успенский Эдуард Николаевич,,106.0,139.0
Приходи вчера. Жуткие былички,Мастрюкова Татьяна,,607.0,759.0
Золотая книга сказок,"Перро Шарль , Андерсен Ганс Христиан",,1335.0,1669.0
Семь подземных королей.,Волков Александр Мелентьевич,9.8,815.0,1019.0
Иллюстрированный Атлас. Вселенная,Гарлик Марк А.,9.8,1335.0,1669.0
Тетрадь с заданиями для развития детей. Окружающий мир. Часть 1. Предметы,,9.7,43.0,54.0
30 занятий для успешного развития ребенка для 5-и лет. Часть 1. Рабочая тетрадь дошкольника,,8.4,43.0,54.0
Муха-Цокотуха,Чуковский К.И.,9.7,127.0,159.0
Волшебник Изумрудного города,Волков Александр Мелентьевич,9.7,1127.0,1409.0
Крокодил Гена и его друзья,Успенский Эдуард Николаевич,9.4,567.0,709.0
Сказки перед сном,,,583.0,729.0
Трафареты для мальчиков,,,432.0,549.0
Фантастические твари и где они обитают. Оригинальный сценарий,Роулинг Джоан Кэтлин,9.1,756.0,945.0
Игралочка. Математика для детей 3-4 лет. Часть 1. (ФГОС ДО),"Петерсон Людмила Георгиевна, Кочемасова Елена Евгеньевна",9.0,253.0,419.0
"Щенок Сэм, или Украденное счастье",Вебб Холли,9.5,327.0,409.0
Мой домик. Книжка-панорама с движущимися картинками,Тетерин Сергей М.,,151.0,189.0
Накорми зверят! Книжка с наклейками,,,166.0,259.0
Сказки,Пушкин Александр Сергеевич,,247.0,309.0
Сказки в картинках,Сутеев Владимир Григорьевич,,1127.0,1409.0
Любимые сказки,,,812.0,1199.0
Школа Добра и Зла. Принцесса или ведьма,Чайнани Соман,9.2,607.0,759.0
Домашние животные. Загадки-рифмы,Сосновский Евгений Анатольевич,,245.0,319.0
Рассказы о школе,Драгунский Виктор Юзефович,,231.0,289.0
Большая пластилиновая книга удивительных приключений. Новые персонажи,Кабаченко Сергей Борисович,,751.0,939.0
Большая книга стихов и сказок,Пушкин Александр Сергеевич,,657.0,822.0
Я люблю раскрашивать милых звериков,Гудкова А. (ред.),,354.0,443.0
Удивительные факты о мире Гарри Поттера. Неофициальное издание,Бонн Лиза Мари,,455.0,569.0
"Попался, который кусался. Сказки",Остер Григорий Бенционович,,247.0,309.0
Самая лучшая иллюстрированная энциклопедия. Кошки,Смирнов Дмитрий Сергеевич,,959.0,1199.0
Алиса. Другая история Страны чудес,Брасвелл Лиз,,527.0,659.0
Кладовая солнца,Пришвин Михаил Михайлович,,263.0,329.0
Девочка с Земли. Сто лет тому вперед: Приключения Алисы: повести,Булычев К.,,919.0,1149.0
Изучаем календарь (3+) (упаковка),,,123.0,154.0
Бременские музыканты,Гримм Якоб и Вильгельм,,70.0,94.0
Гравити Фолз. Коллекция коротких комиксов,Саломатина Елена Ивановна,9.2,623.0,779.0
Сказки про Карандаша и Самоделкина,Постников Валентин Юрьевич,9.5,231.0,289.0
Сказки,Чуковский К.И.,,633.0,939.0
Верные. Книга 1. Когда исчезли все люди,Холт Кристофер,,483.0,619.0
Планетариум,Принджа Раман,,1167.0,1459.0
Алиса в Стране чудес. Алиса в Зазеркалье,Кэрролл Л.,9.3,919.0,1149.0
Приключения капитана Врунгеля,Некрасов Андрей Сергеевич,9.5,415.0,519.0
"Книжный конструктор ""Животные""",,,739.0,939.0
Филипок. Рассказы. Басни,Толстой Лев Николаевич,,231.0,289.0
Русские народные сказки,Толстой Алексей Николаевич,,255.0,319.0
"Книжки - задвижки. Мама, папа и малыш. Дикие животные",,,348.0,469.0
Васюткино озеро,Астафьев Виктор Петрович,,231.0,289.0
Мойдодыр. Телефон. Тараканище: 3 сказки-панорамки,Чуковский К.И.,,959.0,1409.0
А.С. Пушкин. Сказки,Пушкин Александр Сергеевич,,775.0,969.0
Древний Китай,Витолдер Марк,,351.0,439.0
Мирабель. Бабушка-фея,Манкастер Гарриет,,495.0,619.0
Sonic. Плохие парни. Комикс (перевод от Diamond Dust),"Флинн Йэн, Лоуренс Джон",9.7,647.0,809.0
Котёнок по имени Гав. Сказки,Остер Григорий Бенционович,,247.0,309.0
Рассказы для детей,Зощенко Михаил Михайлович,,791.0,989.0
Буба. Многоразовая водная раскраска. Весёлые друзья,,,319.0,399.0
Чмух и друзья. Тайна Невы,Гамаюн Вера,,439.0,549.0
Стихи-болтушки,Гайдель Е.А.,,156.0,199.0
"Раскраска для детей. ""Цветы""","Бекетова Е.Э., Ивахнова Т.В., Сташкина А.А.",,107.0,134.0
Танцы,Ватт Фиона,,616.0,771.0
Азбука. Санкт-Петербург. Весь Санкт-Петербург для детей,Богданов Л.,,,
ОГ4. Собака. Читаем по слогам. Набор карточек.,Штец Александр Александрович,,215.0,269.0
Мои первые прописи,Бортникова Елена Федоровна,9.6,55.0,69.0
30 занятий для успешного развития ребенка для 4-х лет ч.1,,,43.0,54.0
Сказы,Бажов Павел Петрович,9.6,1113.0,1392.0
Таймлесс. Изумрудная книга,Гир Керстин,9.7,642.0,809.0
Готовимся к школе. Тетраль 9. Учимся пересказывать. (для детей 5 -7 лет),Куцина Екатерина Владимировна,9.0,159.0,199.0
Сказки,Пушкин Александр Сергеевич,9.8,351.0,439.0
Плакат А-3 Английский Алфавит,,,75.0,94.0
Книжки-картонки. Читаем перед сном,"Сосновский, Евгений Анатольевич",,217.0,279.0
Умный малыш. Азбука (П-Я). Набор карточек для детей.,,10.0,75.0,94.0
Трафареты для девочек,,,432.0,549.0
Все животные с крупными буквами,Ананьева Елена Германовна,,1208.0,1511.0
"Хроники Нарнии: начало истории. Четыре повести: Племянние чародея. Лев, колдунья и платяной шкаф. Конь и его мальчикю Принц Каспиан",Льюис Клайв Стейплз,9.9,583.0,729.0
Танки,Шмелев Игорь Павлович,,319.0,399.0
Азбука в стихах и картинках,Маршак Самуил Яковлевич,,1671.0,2089.0
CUPHEAD. Хаос на карнавале,Бейтс Рон,,583.0,729.0
"Золотой ключик, или Приключения Буратино",Толстой Алексей Николаевич,,231.0,289.0
Мирабель. Необычная подружка,Манкастер Гарриет,,495.0,619.0
Я иду искать в Санкт-Петербурге,Шахвердова Светлана,,960.0,1249.0
Сказки,Чуковский К.И.,,567.0,709.0
Классические прописи. Пишем слоги и слова,,,47.0,59.0
Раскраска для фанатов аниме котиков,,,279.0,349.0
Умный блокнот. 80 китайских задачек. Счет в пределах 100,,,127.0,159.0
Виммельбух с наклейками,Сеидова О.,,455.0,599.0
В лесу. Первые картинки с наклейками,Гринина О. (ред.),,123.0,154.0
Дневник слабака. Звезда спорта,Кинни Джефф,,567.0,709.0
"Ученые, прославившие Россию",Лалабекова Наталия Георгиевна,,543.0,679.0
Чернильное сердце,Функе Корнелия,9.3,815.0,1019.0
Одежда и время,Боумен Люси,,616.0,771.0
Дорога жизни: рассказы,Ходза Нисон Александрович,9.7,647.0,809.0
ВСЕ сказки и картинки,Сутеев Владимир Григорьевич,9.9,999.0,1249.0
Агата Мистери. Загадка Фараона,Стивенсон Стив,8.8,389.0,487.0
Умный блокнот. 75 задачек на внимание,,,127.0,159.0
Numbers,,9.3,71.0,89.0
Умный малыш. ENGLISH. Домашние питомцы. Набор карточек для детей.,,,75.0,94.0
Дневник Стива. Книга 8. Холодные игры,Гитлиц А.В.,9.7,424.0,531.0
Морские обитатели: водная раскраска,,,159.0,199.0
Печатные буквы. Многоразовые прописи (+ маркер),Самусенко О.А.,,415.0,519.0
Фантазеры и другие рассказы,Носов Николай Николаевич,8.8,455.0,569.0
Подводный отель,Манкастер Гарриет,,495.0,619.0
Как разговаривают животные,Сосновский Евгений Анатольевич,,217.0,279.0
Белый пудель. Рассказы,Куприн Александр Иванович,,175.0,219.0
Жизнь и удивительные приключения морехода Робинзона Крузо,Дефо Даниэль,,959.0,1199.0
Фу-Фу и Кис-Кис. Лапы вверх!,Матюшкина Екатерина Александровна,,567.0,709.0
Большая книга почему,Бобков Павел Владимирович,,1087.0,1359.0
Леди Баг и Супер-Кот. Новые истории Чудесных,Саморядова Елена Александровна,,620.0,775.0
Полезные машинки,Купырина Анна Михайловна,,351.0,439.0
Старик-годовик. Сказки. Загадки. Пословицы. Игры,Даль Владимир Иванович,,663.0,829.0
Лучшие сказки для первого чтения,"Бианки Виталий Валентинович, Толстой Лев Николаевич, Цыферов Геннадий Михайлович",,415.0,519.0
Тачки-2. Мировое турне,Шабаева А.,,415.0,519.0
Транспорт. Раскрась водой. 6 картинок,Помаскина Е. (худ.),,151.0,189.0
"Где обедал, воробей?",Маршак Самуил Яковлевич,,399.0,499.0
Перси Джексон и море чудовищ,Риордан Рик,9.7,495.0,619.0
Умный блокнот. 75 головоломок,,,127.0,159.0
Белый Бим Черное ухо,Троепольский Гавриил Николаевич,9.5,213.0,269.0
Каллиграфическое написание букв и цифр,Петренко Станислав Викторович,,187.0,279.0
Птицы. Карточки для детей с подсказками для взрослых,Ходюшина Н.П.,9.3,75.0,94.0
Драконья сага. Мрачная тайна: роман,Сазерленд Туи Т.,9.8,567.0,709.0
Королевство кривых зеркал,Губарев Виталий Георгиевич,,415.0,519.0
Великий побег,О'Лири Дэрмот,,,
Русские сказки,Толстой Алексей Николаевич,,1047.0,1309.0
Готовим руку к письму,"Грищенко В., ред.",,143.0,179.0
Сказки для самых маленьких,Сутеев Владимир Григорьевич,,879.0,1099.0
Энциклопедия о любви и дружбе: сказки для малышей,Ульева Елена Александровна,,376.0,569.0
