article,category,description,author_image,published
f92264270abc881756af4c0fc9cb598708bd1d6b,dog,black dog,David Lezcano,"August 15, 2018 (UTC)"
494af631f7d6409ee4b9ae9ce4622e05e445324a,dog,golden retriever puppy with blue collar,Nita Anggraeni Goenawan,"August 31, 2020 (UTC)"
211c75224ec3e6c6ef4c0d68bde4a524dfd8253c,tiger,tiger walking on green grass during daytime,Keyur Nandaniya,"July 5, 2020 (UTC)"
ff916c421131810669fba8318496125cbab14729,fox,brown fox on green moss,Federico Di Dio photography,"March 30, 2021 (UTC)"
4920c91e28d63d5f40b4160f46979ade31d8c09d,dog,gray Great Dane looking side,Nathalie SPEHNER,"December 19, 2018 (UTC)"
7531c6b54fa3031d7306c6c20254df6a602fd91a,fox,brown fox lying on brown wood,Oleh Morhun,"March 6, 2021 (UTC)"
e6805c7ea985ce794e2e59ab0f920321c0b3b0db,birds,silhouette of birds flying during sunset,Nadiia Ploshchenko üá∫üá¶,"April 7, 2020 (UTC)"
05d0decf14e82a556b58b37237fd98d43ac53e94,whale,gray shark fins in sea,Bart,"November 14, 2019 (UTC)"
9c7233887b86efddfeb80f695b85c96beb887e51,tiger,brown and black tiger lying on ground,Waldemar,"April 11, 2021 (UTC)"
18628259c89fb6617b1c540744683576fff55111,mouse,person holding black and gray computer mouse,Rebekah Yip,"August 20, 2021 (UTC)"
318b4050bfef3c4fb81f99d89856e446787f413e,mouse,a mouse on a branch with berries,Glen Hooper,"November 20, 2019 (UTC)"
3c89d49fb4f181a6eb290736914ca0ea777307c8,fox,selective focus photography of brown and white fox,James Resly,"June 18, 2019 (UTC)"
1b728aaff44ba7352a69b713f37a67b00060a141,whale,gray whale,Jorge Vasconez,"September 5, 2017 (UTC)"
f259f5a94ada6c0f6bb0718160fd554b7fa6fbc0,shark,sharks underwater,Vitaliy Zamedyanskiy,"January 12, 2020 (UTC)"
99548712511754b3b148f4b8b0867a24716c2fba,mouse,black Logitech corded mouse,Emiliano Cicero,"July 16, 2019 (UTC)"
cfb9c6f6a918c485308e92dd31dc60d8609da71e,shark,school of grey dolphins underwater,Rudney Uezu,"July 24, 2018 (UTC)"
8329e6e2ad6398de77f0d971d145f9ea27cdb5ad,shark,shark and crocodile statue,Rasyid Maulana,"August 19, 2019 (UTC)"
76b8007b4a26be2174c630d7a3798897d8f7086d,whale,whale tail in the middle of ocean,Mike Doherty,"October 9, 2020 (UTC)"
5bf5659a2b4b7bfea003653e7aa2bbc4a4cfc2aa,wolf,brown and white wolf in tilt shift lens,Milo Weiler,"December 7, 2020 (UTC)"
a7874795a00b8ba045a4bf8cb479fcb79b8b4506,puppies,brown and black long coated small dog on white wicker chair,Kyle Mackie,"June 25, 2021 (UTC)"
f23f2fc3580eaf35f117573e502bc581beafa17c,horse,a herd of horses standing on top of a grass covered hillside,Louise Pilgaard,"February 21, 2019 (UTC)"
44ee60b76ec0a1f261bb7aec438e3400eff1104e,unicorn,frosting on two cupcakes,Deva Williamson,"March 1, 2019 (UTC)"
8aa19a344c722b9957298fbc7b1380b9c005b55d,fish,school of fish in water,yang wewe,"October 27, 2020 (UTC)"
82b00424b32e4f3da46823e078462d50f28918be,fox,brown fox lying on ground during daytime,Louis-Etienne Foy,"September 27, 2020 (UTC)"
5007ab9b0bf4fbb0528f1282893f1d85915f3b82,shark,hammerhead shark,David Clode,"November 22, 2017 (UTC)"
e9741437a56f4dac6d2b133793bb7fea72951108,tiger,Albino tiger,Juan Camilo Guarin P,"July 8, 2019 (UTC)"
b7ae4d1c0465fa2ce7eb206c4373de4fcb4fe966,turkey,red tram on the street during daytime,Aram Sabah,"January 20, 2020 (UTC)"
d264bb12caa8fa6d48cc3b3e7f30333ad28a5d51,whale,black fish at water,Ishan @seefromthesky,"October 22, 2018 (UTC)"
f456ecca5474a03f1beb6f33c552a991c505d72d,puppies,white and brown short coated puppy lying on brown wooden floor,Ben Michel,"December 1, 2020 (UTC)"
b96f2806282965ef2dec69e62859915912fd6507,birds,black yellow and red bird on brown tree branch,Andreas Rasmussen,"July 21, 2020 (UTC)"
580015580b5940ae8c4e6fa70cce3e4b995f5397,mouse,white and gray rodent on brown dried leaves,Joshua J. Cotten,"June 19, 2021 (UTC)"
15901ecd92112cf28717ee6c12e3f96167022647,wolf,black long coated dog with black background,Daniel Lincoln,"June 1, 2021 (UTC)"
d0de6513f5546101dbaba9df1467724469cce2d9,horse,group of horses standing on field,Holly Mandarich,"May 17, 2017 (UTC)"
0977fdd6b78ab3054da9c805398ef4accbf93988,fish,blue and black fish,Pawel Czerwinski,"October 18, 2018 (UTC)"
35ac34571d71550d2976742141d239981a1bd192,cat,white and orange cat sitting on brown wooden table,Kelly,"November 3, 2020 (UTC)"
3b4e48517b04d2fd356e480ed941ca8ffa325cb0,dragon,a close up of a lizard on a black background,Akin Cakiner,"November 29, 2021 (UTC)"
a5f0bf4901eb3b808e597d92105f7d9d825319dc,turkey,brown concrete tower under blue sky during daytime,Meri√ß Daƒülƒ±,"September 8, 2020 (UTC)"
041a26202a66474c131a4282d32054dc0c0a772b,unicorn,a pink and blue bike with two stuffed animals on it,Boudewijn Huysmans,"September 5, 2020 (UTC)"
6445aedf433349d0edb22734062a98fd05a205e5,tiger,tiger and tiger on snow covered ground painting,Girl with red hat,"January 4, 2021 (UTC)"
8536499abb0b2b9bc5175eee9408f6b34a739d43,whale,shallow focus photography of green seahorse,David Clode,"April 13, 2018 (UTC)"
8192fe026ece5d082ee1bc20ea7be9f993773d83,tiger,brown and white tiger on black background,Efe Yaƒüƒ±z Soysal,"May 29, 2020 (UTC)"
c7bd8003e82d34d64abc8b8dd1e0598f8905ee3a,fox,brown fox on gray ground during daytime,Federico Di Dio photography,"November 4, 2020 (UTC)"
d2cddf27dfd6af25f628d3d489cec93135d5da77,butterfly,black and blue butterfly,Scott Longerbeam,"July 21, 2019 (UTC)"
2b9fec412e61aed0b0c38807f67bc2c09642d053,shark,blue jellyfish in water during daytime,Colin Lloyd,"March 30, 2021 (UTC)"
9dd1d9868f83355cefc1c8b0d4b3693d7653d98b,mouse,white hamster on black textile,Doina Gavrilov,"April 12, 2021 (UTC)"
f63dee0fba3f296953c847c6d52eeeed1c37d11f,birds,black and white bird on brown tree branch,Hans Veth,"February 7, 2020 (UTC)"
965df8fa567b0f2903e824f2ae5545f393754497,horse,brown and white horse in close up photography,Kura Tregenza,"May 25, 2020 (UTC)"
a92a608a9439e8f208680521a30267d8158b0421,puppies,fawn Pembroke Welsh corgi sitting on orange textile,Alvan Nee,"September 17, 2018 (UTC)"
ce7f7d42c365569234e2cbd952735c8c1a64ca6a,fish,male and female blue and red fighting fish,Worachat Sodsri,"January 8, 2020 (UTC)"
3136a63cb9e1762c6d32d93be6c4cd7ece36b5fa,dragon,black and white abstract painting,Pawel Czerwinski,"April 5, 2021 (UTC)"
3c48522f4a688a2d6505b2aeb5e96762a87372a7,turkey,white boat on sea near bridge during daytime,Ufuk Aslan,"December 30, 2020 (UTC)"
eebdac7aad7b8641cef85ae61283443e2687f1bd,cat,orange and white tabby cat sleeping beside window,Amigo Eugenito,"September 23, 2018 (UTC)"
3f8f981d1e5e6d51b24a05908d934b2c6961a9b7,tiger,tiger lying on ground near green leaves during daytime,Waldemar,"October 13, 2020 (UTC)"
fcad639eeae74862c4bbeba56609b25670c8bb58,butterfly,monarch butterfly perched on pink flower in close up photography during daytime,Damien Dan,"August 6, 2020 (UTC)"
fc19a8bc77b11dd98227cae41ddc22cfeb2db697,puppies,short-coated black puppy,Joel J. Mart√≠nez,"August 13, 2019 (UTC)"
fd9444589a2379d94032f5d357104002de729531,whale,aerial view of person swimming in the sea,Dmitry Osipenko,"June 21, 2021 (UTC)"
a6eb72e3c1fa339c2d9815838bd95564ca7d6193,fox,brown fox on gray asphalt road during daytime,Erik Mclean,"April 14, 2020 (UTC)"
6e81c5215fb83da8a55655d75d072517f2dcf342,unicorn,person in white shirt sitting on gray rock during daytime,Leo_Visions,"November 9, 2020 (UTC)"
3784b73f97308050bf01b800917067dae08530f3,shark,shark underwaer,Gerald Sch√∂mbs,"June 11, 2019 (UTC)"
09483d13dd72d6bb4ebb7eb89de235defaf12776,mouse,black logitech cordless computer mouse,Ron McClenny,"October 15, 2020 (UTC)"
944fbd95aa5138f7b53fe27cb9fad19af7182c9d,birds,three multicolored birds in close-up photography,Damon Hall,"February 13, 2019 (UTC)"
768f104b12ab5902ecd1c6519059b35c17fc844d,wolf,gray wolves near tree trunk,M L,"January 6, 2018 (UTC)"
1522195a01a58313b1f455e4e6d35be387ed41e5,wolf,gray wolf on fallen tree during daytime,Alfred Kenneally,"December 16, 2019 (UTC)"
acfcb7741b8f9e630be71e969c72f99e0fb52945,fish,pink jellyfishes underwater,Mathilda Khoo,"February 27, 2018 (UTC)"
14bd0db1148c0a9c0437a2268c2e5d185d98f7db,unicorn,a picture of a black and purple abstract painting,Susan Wilkinson,"October 29, 2021 (UTC)"
1f673dff2c05438545c58a34ae95c4fd9aecce5f,turkey,white and brown concrete building near body of water during daytime,Despina Galani,"October 17, 2020 (UTC)"
89bbc0d793a90bfec255942e8bd286cc72633a34,shark,gray shark decor,Ali Abdul Rahman,"June 1, 2018 (UTC)"
dd96458c4a688abad66192570525177d39aac2ab,cat,orange tabby cat on white cat cave,Juli Kosolapova,"April 3, 2019 (UTC)"
f33a8d96d736af3e8880d1f95fcb2dcf22600baf,owl,brown and black owl flying during daytime,Pete Nuij,"November 10, 2020 (UTC)"
df78fa29230342dcaa8775e9217e3e36c3f2b9ab,fox,brown fox on green grass during daytime,Patrick van Rooijen,"April 13, 2021 (UTC)"
675136692ea284745086c56e090cb374bc13c6be,tiger,tiger on brown grass during daytime,Kartik Iyer,"March 11, 2021 (UTC)"
9cb5ed275983e9d9900eed31203567b46ff29a99,whale,whale's tail sticking out of the ocean during day,Richard Sagredo,"December 12, 2019 (UTC)"
ba35ddd63e3c5bf0eb74a9f9050da929dd05b8b0,butterfly,yellow and black butterfly on purple flower,Birger Strahl,"August 13, 2020 (UTC)"
cda5ac8d4305e9e9f04e660ad4ff77855b45924c,mouse,white and grey Logitech G-Series cordless mouse on white surface,Frankie,"June 1, 2018 (UTC)"
d22b1f9ac58115768a22ca41d387f13ab076e70c,birds,flock of birds flying during daytime,Raphael Rychetsky,"November 19, 2018 (UTC)"
0ab50474a1ddd4937024cf4b3ab51ccd14169a90,horse,horse on dirt road by fences at daytime,Jacob Jolibois,"December 18, 2019 (UTC)"
4fde76c5a82230acf951319e680faf57bd039594,unicorn,selective focus photography of multicolored confetti lot,Jason Leung,"December 13, 2017 (UTC)"
fe023f569c3d2bb6edb3877c066c0712a7c82392,wolf,forest photography,Johannes Plenio,"June 3, 2017 (UTC)"
0177a77ee8a7597bda085712cb3865fe8bd540c9,puppies,brown long coated small dog lying on white textile,Connor Home,"April 21, 2020 (UTC)"
8c160e5ea0a4366db35a3795bb525c93d785736e,dragon,brown wooden bird house on brown tree branch under white clouds,Taylor Heery,"July 22, 2021 (UTC)"
d4b5bde44c33adc488500143c1e0fa429de40813,butterfly,brown and white butterfly on purple petaled flower,Aaron Burden,"September 8, 2018 (UTC)"
d12710e7aa038ce9f921f215ffe20c6a691c1a4c,owl,brown and white owl flying under blue sky during daytime,Pete Nuij,"June 12, 2020 (UTC)"
9c3bf07b99d31e6fe3575ebed2991e2e35977b16,whale,aerial photography of big fish during daytime,Venti Views,"January 28, 2019 (UTC)"
953cd402396b20595e81fdd247f15b0214f65db3,dragon,a dragon statue on top of a building,È†ÜÂπ≥ ÈªÉ,"October 6, 2021 (UTC)"
4f4cf41052fb5d9ffae6c26f24bf3a884f7109fa,tiger,tiger in forest,Benjamin Raffetseder,"September 22, 2018 (UTC)"
bafc92b07e29e82671a5191c97e33bdd8ad1e903,horse,person riding on white horse on beach during daytime,Filip Eliasson,"May 13, 2020 (UTC)"
5fa0c2d92c53165048997f9fd15d92e8dfabc1c9,fish,red fish beside pink coral,David Clode,"January 23, 2018 (UTC)"
0503c50b63cb0e41699f37fab1f4106087f7dd89,shark,blue and white shark figurine on brown dried leaves,Daniel Bernard,"February 7, 2021 (UTC)"
d5c2669faa66a38561528ed15e7fbed1edad4da5,fox,a fox is standing in the middle of the road,George Nifakos,"November 16, 2021 (UTC)"
77a5a571ed9a8bdb139edeeb206c75b6bff93e37,mouse,brown chick on brown tree branch,Nick Fewings,"February 10, 2020 (UTC)"
2445342a4d5c2ae7c2997c0c0489768500aed6a0,birds,red yellow and blue macaw,Jamie Rochester,"July 21, 2021 (UTC)"
dc10dd3ce3da1f0a7c25af462bbfd0b7f06183b0,puppies,brown and white corgi puppy,fatty corgi,"August 17, 2020 (UTC)"
bbb42337e5c656f3a67aaebce0f77ada9b1d11c2,turkey,brown concrete building under blue sky during daytime,Lewis J Goetz,"June 13, 2021 (UTC)"
8ccb3230754c7cfefee25240f51441c574723ab7,cat,orange and white cat on gray concrete floor,Daniel Maƒçura,"November 6, 2020 (UTC)"
5e8550971914c60bf38273690cd2504714295179,unicorn,six assorted-flavor doughnuts,Heather Ford,"December 29, 2017 (UTC)"
05febba34ce8b49e0727cd74a2dac37ac82e1515,fish,raw fish meat on brown chopping board,CA Creative,"July 3, 2017 (UTC)"
e8616a7b8a5cb38977ceac6e48858f0dc5ac2c36,wolf,brown deer standing on rock under cloudy sky during daytime,Patrick Desloge,"April 20, 2020 (UTC)"
2d2f73b29c615aaa2cea0a4cef9e321be9ee43a3,dragon,red and green dragon art work,‡πÄ‡∏°‡∏ò‡∏≤‡∏Å‡∏π‡∏£ ‡πÄ‡∏à‡∏£‡∏¥‡∏ç‡∏¢‡∏∏‡∏ó‡∏ò,"June 22, 2019 (UTC)"
666808924a7b910dad0b456ade3864ba6a8d0602,cat,short-fur gray cat smelling sweets,Anastasiia Rozumna,"December 26, 2019 (UTC)"
fdeb23ab5d079a70af68f54001c4e7e638f99881,horse,a close up of a horse with a blurry background,Bob Brewer,"January 3, 2022 (UTC)"
0ce36bd00b84992ca337960722ef0a01c9ef8f08,lion,lion on rock,Laura Seaman,"January 4, 2020 (UTC)"
e32e572f5a713ac12d31706e2c5f4ae203bc649e,fox,sleeping dog on green grass,Lachlan Gowen,"July 9, 2019 (UTC)"
c78e009c7ac0f2441538744d659be6fd77d692a1,tiger,brown and black tiger near body of water,Ratanjot Singh,"May 11, 2018 (UTC)"
9f219d2d2f0b3dfdfbb0975c7359b419b180c8c6,wolf,dog standing on dried grass,Marek Szturc,"January 6, 2018 (UTC)"
2a03d6855e8c88a7a996f1e59f2e14d073e14d99,butterfly,white and gray butterfly perched on green plant,Dibakar Roy,"October 9, 2020 (UTC)"
bd158bdcadf4f83e97fc8c9ff89e467ff8b22336,shark,great whale shark,Anton Chernyavskiy,"January 18, 2019 (UTC)"
8a53d964ae0fcc84b8abe196c6b1f43de2ee91a2,birds,two flying brown birds on mid-air painting,raza ali,"June 22, 2018 (UTC)"
d2ca961959d035ac03c5bcf5f664128496b62e17,mouse,brown rodent on brown stem,Nick Fewings,"February 10, 2020 (UTC)"
6342f817af8cada7942d5766b6869c9a27c566b7,whale,black and white whale tail on blue ocean water during daytime,R√©mi Boudousqui√©,"November 28, 2020 (UTC)"
a06f3278e333434bc4dce73db765f2b35109976c,puppies,brown short coated puppy on green grass field during daytime,Andrew Wagner,"July 27, 2021 (UTC)"
a535c6c3c1444c72fa91848111f55b3a4cf0bd65,fish,gray fish on white snow,Francesco Majo,"October 30, 2020 (UTC)"
8e145359594a7bd7ce6cce6fa4b906b581eef2be,unicorn,unicorn balloon lot,Claudio Schwarz,"April 19, 2019 (UTC)"
466483ffff8d956cb04db54f90c545c5a0451c30,owl,gray and black feathered bird,Bryan Hanson,"February 1, 2018 (UTC)"
ec5f2212ed628b0dfd165f72ace1442d35b3332e,horse,two horses standing next to each other in a field,Aliyah Jamous,"January 10, 2020 (UTC)"
86f724b58236b61b073c11c42b98e2f00033ddee,cat,orange tabby cat on white concrete wall,Dollar Gill,"September 29, 2020 (UTC)"
c3b0e2be330c839c4b94537b6c3296609b7788ff,dragon,black metal framed glass candle holder,Tommaso Teloni,"June 6, 2021 (UTC)"
3e2f9fa6d2e2b51a19457bffa7074796a619733c,butterfly,selective focus of butterfly on flower,Michele Bergami,"July 18, 2017 (UTC)"
8b96787cb603f94f1a5a98e76cbb9631d57ea082,lion,brown lion under green tree,Leighton Robinson,"February 2, 2019 (UTC)"
d251827a18ec10d197dc606eea3ee53b06ff8582,tiger,brown tiger walking on brown sand during daytime,Hans-Jurgen Mager,"June 10, 2020 (UTC)"
36d4ae2654ac0840fd21b812b92b478a657cfd19,shark,white and gray shark underwater,shailendra Pratap Singh,"February 26, 2019 (UTC)"
2551e84b07dc59fe4620f5309fffb875030c1013,turkey,white and brown concrete buildings near body of water during daytime,Despina Galani,"October 17, 2020 (UTC)"
0e98159889d8fd11b3d3bb3eb3a6b77589fb421f,fox,brown fox,Joel Holland,"March 11, 2019 (UTC)"
cf67deb1784cc46ddc62769502ef15e1edf8c2bd,mouse,black and blue corded computer mouse,Rebekah Yip,"August 20, 2021 (UTC)"
f0b67a8c7036a4769deb4910f7f4041b7d48eebd,whale,blue whale in body of water,Iswanto Arif,"March 10, 2018 (UTC)"
697e283305c31b3c8b56480773fe4f0a41b86999,owl,white and black owl on green grass during daytime,Kevin Crosby,"January 22, 2021 (UTC)"
9567299aefe952ebf1530b929c9dde08a7d2b6a8,puppies,tricolor bernese mountain dog puppy on green grass field during daytime,Courtney Cook,"May 27, 2020 (UTC)"
daf7ce48a22f7ea0d84a4e9a35d009c0f35e2e0b,birds,flock of yellow bird flying,Gareth Davies,"August 2, 2016 (UTC)"
0c4d4121b1d0d12152b95dcd6168c79e6921ab45,turkey,gray pillars near body of water,Meri√ß Daƒülƒ±,"July 10, 2018 (UTC)"
a484547304782752de3dc497edd70d6fcbf3bac6,wolf,a white wolf sitting on a rock in a forest,Ash Farz,"October 18, 2021 (UTC)"
c189380ba34aa573065989cb40f6b94165feadbb,fish,school of fish,Saeed Soltankhah,"November 10, 2019 (UTC)"
cb888a91b82813788689e3fbc5fca9d1e9441077,unicorn,white and pink My Little Pony plush toy,Sven Brandsma,"May 1, 2019 (UTC)"
6b191f569f338a2568b78e3af6a1740de5f8474c,horse,brown horse,Jacques Bopp,"November 14, 2019 (UTC)"
7fe055e24b878bb893c575df839e36ce761c3f14,dragon,blue dragon figurine on brown wooden table,Raimond Klavins,"April 10, 2021 (UTC)"
0d628fb65d5ab6e5778c520256c8516852fb735a,turkey,a large body of water with a city in the background,Stefan Kostoski,"September 3, 2019 (UTC)"
bd3fcf54e22f4bb457f318a7751d7740ac2f36bf,cat,white and brown cat lying on floor,Victoria Naumenko,"September 12, 2020 (UTC)"
77189b80bfad6b8af28918bb52d4915ef6231f14,butterfly,blue and black butterfly on white wall,Josefin,"March 17, 2020 (UTC)"
b2f5070a1429e226fc5daf8fd547d1c4baf11e86,fox,a red fox sitting on the side of a road,Freezer,"October 19, 2021 (UTC)"
bf569b15fcf1baf48e47bc17237da63637a86de8,whale,blue and orange tang fish,David Clode,"April 26, 2018 (UTC)"
ba4c071cf41513e3c79630d08de3c7ec2783683e,mouse,brown rodent on brown wooden stick,Nick Fewings,"February 9, 2020 (UTC)"
54ded59f676b9a1bf68d6f2dee536989c118bad9,shark,gray and white shark illustration,Brendan Beale,"January 22, 2021 (UTC)"
6a958cc3729237e30c254798dcf80cfface86ab1,lion,brown lion in close up photography,Bisakha Datta,"October 14, 2020 (UTC)"
7106f1674bf3ec11b32ee3e3e5c4136968e866c4,birds,several pink flamingos inside rim lighted room,Marko Bla≈æeviƒá,"November 26, 2018 (UTC)"
72bea7ec8f7d39c755abf36eb36a6823ece5ccf7,owl,white and black owl on tree branch,Zdenƒõk Mach√°ƒçek,"February 21, 2020 (UTC)"
79e9e8c92c9faf596267ab8c85115899932728a5,puppies,white and brown short coated puppy on blue flower field during daytime,Hendo Wang,"March 2, 2020 (UTC)"
8d1898f2c97ba77c6d7e496e5c6747a296b6883f,tiger,brown tiger,Ralph Mayhew,"November 11, 2019 (UTC)"
8380e520c8c539de34c3a3375140a46f8d1e75b0,wolf,white wolf on brown wooden log during daytime,John Thomas,"October 18, 2020 (UTC)"
fa254e1ae3a6b7e0dabe331490e6aa8cf7d27dce,cat,white and black kitten on white textile,The Lucky Neko,"August 17, 2020 (UTC)"
c8f4da0458af9ad41ea3f9448cc7b45ee4dadbd7,dragon,black sailing boat digital wallpaper,Johannes Plenio,"August 16, 2018 (UTC)"
b86e4ba50d78184134f0da68c770406939eb3dd8,butterfly,white butterfly on green leafed plant,Yuval Levy,"May 18, 2018 (UTC)"
88e7b0c4b9aed52ee0742c3a9640a18af0242dbc,turkey,hot air ballooning during daytime,Alex Azabache,"September 26, 2019 (UTC)"
2479f884331adc954ae7d553571e225998550ab5,unicorn,person wearing unicorn hat while walking outside,Andrea Tummons,"November 28, 2017 (UTC)"
9884725b10d974bbb0d65cd2a5005cf66326fd52,owl,white and brown owl on brown tree branch during daytime,Angus Gray,"July 26, 2020 (UTC)"
78b8af9c6889ea9cdfa814cf5c7490d63b15835a,whale,white gold fish,zhengtao tang,"March 26, 2018 (UTC)"
9e71bf3d1d7660e151514a11ef52cdf046f9b51f,tiger,brown and black tiger illustration,Efe Yaƒüƒ±z Soysal,"May 29, 2020 (UTC)"
5b8970f62a71486b8b6ae3ccee9fda2e8dbbe815,horse,brown horse in tilt shift lens,Anthony Rae,"October 9, 2020 (UTC)"
54f57a0ab3df785a2d69b1757f8534384e77d9e1,mouse,black and white corded computer mouse,maar gaming,"February 12, 2021 (UTC)"
7d0060a68a529ecd546d94639777524c9df8d1a1,fish,person holding white and red fish,Patrick Boucher,"June 15, 2020 (UTC)"
48bff5ad8d65af40db936dcc8ed5ee20ccb8134e,puppies,long-coated white and brown puppy,T.R Photography üì∏,"June 17, 2019 (UTC)"
ec776b92274fd530dfaff6200828146fe9d0b87b,wolf,brown fox on green grass during daytime,Jeremy Hynes,"May 19, 2021 (UTC)"
4cc69f6d05e958155a4c9c99340a3252b9409f27,fox,brown fox on brown tree branch,Louis-Etienne Foy,"September 27, 2020 (UTC)"
466fe8c14f27f3597bd882627a1276c6d489e67b,unicorn,white clouds and blue sky during daytime,Kaylee Stepkoski,"August 12, 2020 (UTC)"
ff17e580f1e185209efa85f0f989845662b3581f,fish,blue and gray fish near corrals,Shaun Low,"January 2, 2018 (UTC)"
7119f279d479fc4be89ef08ff16b72497c2a5414,shark,saw shark,David Clode,"December 9, 2017 (UTC)"
1c956f96e583036da1da7bac450e86b0b49d051f,dragon,gray concrete statue under blue sky during daytime,aisvri,"September 7, 2020 (UTC)"
a23759f38c1e05b79243cd58b33e0774db1f7c77,horse,brown horse on gray asphalt road during daytime,Linda Gerbec,"February 29, 2020 (UTC)"
67d6f77783d39f2d8504e9da75f820fd9a00bfa5,birds,blue yellow and orange macaw,Dmitry Chernyshov,"January 30, 2021 (UTC)"
8e203916d2a60c188afff71d48fa8986b9738d16,butterfly,blue and white butterfly perched on white flower in close up photography during daytime,Erik Karits,"June 27, 2021 (UTC)"
d9086f2115ddf2295fcfe5049895d37039f8c799,fox,fox,Peter Lloyd,"March 27, 2018 (UTC)"
b6ec9167a9d28732a41281e9f670c1e16c7b620d,shark,man reaching for shark,Moon,"August 17, 2017 (UTC)"
d9cc9ef9d654db89a9a46aa7f9e739b3052259c4,owl,brown barn owl,Lorenzo Moschi,"December 12, 2018 (UTC)"
52363734e4fb8e5edd1d1dc5c16672bf17317202,tiger,close-up photography of tiger,Max van den Oetelaar,"March 7, 2019 (UTC)"
e40127afd5624dc05def68a2d48f97659ee7ee9b,cat,orange tabby cat on white textile,Tuƒüba,"November 27, 2020 (UTC)"
07d3355f2de703626825941028cfc9a739e2cbc2,turkey,photography of mosque buildings,Daniel Burka,"June 20, 2016 (UTC)"
a2df61f876108d39f79fe888f42579446bc72569,whale,dolphin jumping on sea during daytime,Pagie Page,"January 13, 2019 (UTC)"
4d220b3154ae99d16f55145a3b680cea2ff2d280,lion,brown lioness on gray sand during daytime,Catherine Merlin,"August 18, 2021 (UTC)"
6a4c3fc52d8cf5f3ede4b85c5d463b99d5cced36,mouse,brown and white rodent on orange textile,Marcus Ganahl,"July 16, 2021 (UTC)"
94f978828fbad36c827ef65ef8ea289e2d8c5ee3,birds,shallow focus photography of grey bird,Philip Brown,"February 1, 2018 (UTC)"
673a76cce87744b3e5c377f94e54629df7d34600,puppies,brown short coated dog lying on white and pink floral textile,Emily Star,"March 24, 2021 (UTC)"
5c93b047052d610670e1bb761089f5e8cec021c5,lion,lion lying on brown grass during daytime,Birger Strahl,"September 15, 2020 (UTC)"
3adc2583b5d3211da9b7b502573df6296e36664c,fish,yellow Oscar fish photography,Craig Lovelidge,"September 3, 2017 (UTC)"
72fb0159b5b10963b53003cb0e79cc5242f540ea,wolf,grayscale photo of leopard,Geranimo,"February 5, 2018 (UTC)"
44c56b5ce3b63543a6ac11c85b86c527e6c752cf,unicorn,black horse figurine on white surface,Yura Timoshenko,"March 29, 2021 (UTC)"
4d9d44b65242dff477ccdd51fa7b0b75f9738364,cat,white and orange tabby cat,Juan Manuel Sanchez,"December 15, 2020 (UTC)"
4a6b3cebb92b25027291880e8183691173e486a8,dragon,closeup photo of snake skeleton,Ludovic Charlet,"February 3, 2018 (UTC)"
964c540fd6657b8dc6d568185229590ea54e7932,tiger,wildlife photography of tiger laying on ground,Blake Meyer,"October 24, 2017 (UTC)"
e91330af50c846464830bb3c2fd1560b2dac19e9,butterfly,shallow focus photo of orange butterfly,Chris Chow,"September 2, 2019 (UTC)"
74979192c7f76ab0b54458b11bf89e5d76032a8d,lion,lion lying on brown rock,Cl√©ment ROY,"March 6, 2020 (UTC)"
ccceb85a309aa9b6cc68f49305801e426f6d63e1,turkey,people walking near train,Svetlana Gumerova,"June 3, 2019 (UTC)"
b61d3985a6f818883d67eea6010dce0179315333,fox,fox standing on brown soil with rocks,Katerina Bartosova,"October 14, 2015 (UTC)"
123becbc15b138a9e214fb1ef3574e57546a30eb,owl,an owl is sitting on a tree branch,Liz Guertin,"September 14, 2021 (UTC)"
14e6f0582b4605b5200f8a4b56fea61967bff614,mouse,white and brown rabbit on white background,Kanashi,"November 23, 2020 (UTC)"
86206eb8a9226af0610a052274857912bc755706,puppies,white short coated puppy covered with blue blanket,Zoritsa Valova,"April 18, 2021 (UTC)"
6297775e37caa1a60d73cadcaf7531ba485a45c7,horse,brown horse on brown grass field during daytime,Desmondluap,"November 11, 2020 (UTC)"
24591f82cc49d487e92644ba8bbe380706288224,shark,white short coated dog with black eyes,Leandra Rieger,"May 25, 2021 (UTC)"
4ed9a5c2d2054411f4344179cb2c3b2692934237,wolf,silhouette of trees under moon,Martin Adams,"May 17, 2019 (UTC)"
5895f3742bbedcf0b3b80b35b0e5ba88bc50afff,birds,birds flying over boat,Esteban Amaro,"October 14, 2019 (UTC)"
aadb1940367a7f98cf668f90adb4fc4943f61e38,fish,grey fish with ice,Martin Widenka,"October 26, 2019 (UTC)"
27256fdba86e0674ec11ff2bb623fee5a8d9ca9d,unicorn,person in white jacket and black pants standing on rock during daytime,Leo_Visions,"November 9, 2020 (UTC)"
d75eeee9dc9abc400ca7e6445da6e864114b491c,horse,a close up of a horse's head and mane,Max Anderson,"November 15, 2018 (UTC)"
355345d29ef61aa51850ff558fe87b18509dea3a,cat,brown and white tabby cat,Giovanna Gomes,"April 1, 2020 (UTC)"
34749a555855ff33582d34c1dfe21874d21ecd27,lion,lion lying on black textile,Alexas_Fotos,"November 14, 2020 (UTC)"
20c3ac54194f399bb9023eb621556beb0278a953,turkey,hot air balloon contest,Daniela Cuevas,"June 9, 2015 (UTC)"
dc07472a8e41f4ada1fdf81adc05bf02af7cafc0,whale,two black whales swimming in body of water,guille pozzi,"February 12, 2018 (UTC)"
d81071cd9435be9a79fad578a1bc643a77282486,butterfly,blue and black butterfly on green leaves,Damon On Road,"December 11, 2019 (UTC)"
055d7c81ea223247dc5e1210bfa84c67047888e3,owl,black and brown owl,Craig Hughes,"March 12, 2019 (UTC)"
f310b17d003d355d6645daa798da897bbcf8a231,dragon,dragon breathing fire,Carlos Cram,"January 2, 2018 (UTC)"
62ce239084a1ea03c5249734d12703d2bdf1a1a3,shark,photography of sting ray,David Clode,"December 12, 2017 (UTC)"
f86af514d397be6a5613d69d6b1b08342864c01c,mouse,closeup photo of gray and black cordless mouse,Oscar Ivan Esquivel Arteaga,"June 1, 2018 (UTC)"
9a1e345f5c61727ca879b67e6948ec695674e4ef,whale,black and white whale under water,Seiji Seiji,"October 13, 2020 (UTC)"
5a1d8b4348a89ac5aeeb9140025d88a71a32cbf4,tiger,brown and black tiger lying on ground,Kar Ming Moo,"October 12, 2020 (UTC)"
e4c6838a5a4b4e3386ef24723011b98fd836fa4a,fish,shoal of fish,Milos Prelevic,"January 9, 2018 (UTC)"
f61d829fb5f3b7fe2b2a4de41e5c4b35a871bef4,unicorn,unicorn inflatable toy,James Lee,"July 2, 2019 (UTC)"
84d27f74b39801884bd7f5a682c76d5039a4528f,horse,brown horse standing near grass,Sarah Olive,"May 8, 2019 (UTC)"
e65b10828b1602f367ebbcc5288992aad41a0e06,puppies,white and brown short coated dog on green grass during daytime,David Clarke,"June 23, 2020 (UTC)"
b2418ffe5368661ad6e94c83033b12449243c840,birds,white and black bird flying during daytime,Azmaan Baluch,"March 18, 2021 (UTC)"
b2f5bc2610dea580ba096a8c859c627b87c2f059,fox,brown fox on brown tree branch,Jeremy Hynes,"May 28, 2021 (UTC)"
b2b004e747b614b795521ce97b62b7a2857eb643,dragon,gold dragon statue,Martin Woortman,"June 13, 2019 (UTC)"
2b81098ee2c1dcc6d43b50e2c7a6cbb09dfdb442,wolf,brown wolf on green grass during daytime,Lucie Sa_Vi,"January 22, 2020 (UTC)"
485cf065fd77721726167fe557a0eec4b2711e01,cat,white cat sleeps under white comforter,Kate Stone Matheson,"November 9, 2018 (UTC)"
bad413dde7c231ff609e6f82e31988b239191541,butterfly,five assorted butterflies,Evie S.,"November 19, 2018 (UTC)"
6ec55d47aa829e7e25e42be2158b07d39f6b2120,lion,lion lying on green grass during daytime,Bisakha Datta,"December 9, 2020 (UTC)"
1588b414fc2f7492406cd8ea60d2f67487bbfa5a,whale,whale's tale on water,Thomas Lipke,"October 12, 2019 (UTC)"
12c471e26bee1627bc31bc949a83c6f239f359d1,owl,gray owl on black background,Kevin Mueller,"April 13, 2019 (UTC)"
963524a641d43a3d3a80f917e35842e59330f75f,tiger,brown and black tiger on focus photography,A G,"February 6, 2019 (UTC)"
80076386da1ea73146c83e80d8e87f641be86c41,turkey,buildings beside calm body of water,Emre,"September 2, 2018 (UTC)"
d0a61ad79d198177d33afcec81fed4353e6390e9,wolf,person face,Peter Forster,"September 13, 2017 (UTC)"
eb28849cc5c3dbfaae66a988061a8afa08d860dd,puppies,long-coated white puppy litter,Jametlene Reskp,"May 2, 2018 (UTC)"
64c9f65395fa4e21a7b0fb6b066870d6d99b4685,fox,brown and white fox on green grass field during daytime,Lewis Darby,"July 17, 2021 (UTC)"
bdbcf55720db308e30a256f64d03642f03428e9a,mouse,brown rodent eating grass,Ryan Stone,"January 18, 2018 (UTC)"
871a321c65fcdee65a3565bb44435ca450a96c39,turkey,Turkey flag on pole with bell,Meri√ß Daƒülƒ±,"June 20, 2018 (UTC)"
960e4ee8842de6009f06320bd489f43909f500e0,dog,brown and white corgi puppy,Ivana La,"February 10, 2021 (UTC)"
b9e7146cb9b47b998f2795046bfd7afcc46ff55c,unicorn,unicorn flying near road,Wilmer Martinez,"August 21, 2018 (UTC)"
0615167daed16a19d569313938109501d33f728b,birds,four white-and-black seagulls flying at daytime,Eder Pozo P√©rez,"September 3, 2015 (UTC)"
bb74d6fb41b01a57a5327e0a5c2e448469365f79,fish,blue and white fish in water,Daniel Leonforte,"September 7, 2020 (UTC)"
5b010bac336be7963f82424c039ca89ed3a7d2bb,cat,white and brown long fur cat,Esteban Chinchilla,"April 7, 2020 (UTC)"
f59258f0eafbbfe51536863e779a547287676fc8,horse,white horse on brown grass field during daytime,Giorgio Manenti,"March 20, 2021 (UTC)"
c1f9056a0e3f288f132c939cd6e40103858ae043,dragon,brown dragon decor,Emanuela Meli,"January 25, 2019 (UTC)"
a946bec71c159987bb08b935d3209b687e7647eb,owl,an owl sitting on top of a wooden fence,Klaus Kreuer,"September 21, 2021 (UTC)"
4966617ae477839c44651ab0a2e171007ffc8f5a,whale,black fish dove into ocean at daytime,Abigail Lynn,"December 13, 2015 (UTC)"
b1db6976871ee615a88be4dd4ad3b4a089db82de,butterfly,black blue and white butterfly perched on purple flower in close up photography during daytime,Joshua J. Cotten,"June 14, 2021 (UTC)"
8ded6235a67422f27f45eaed9c9b1f0e64e27db2,lion,lion on green grass during golden hour,Keyur Nandaniya,"October 5, 2019 (UTC)"
85131b7673bf1183ce2994ebce3533d21e8cada9,shark,high-angle photo of gray and black shark,Ali Abdul Rahman,"June 17, 2019 (UTC)"
208091a82611c4c7ca9c13f79c9bf8d782de8e9c,tiger,tiger on brown tree log,Rishabh Pandoh,"March 15, 2021 (UTC)"
5be13597dc724c53de766969539c48052c81c5f8,mouse,a rat sitting on a piece of wood,Joshua J. Cotten,"June 19, 2021 (UTC)"
c3ea13b67cb599c8ae9096d3be7b8dfa5568320a,fox,selective focus photography of fox,Geranimo,"June 27, 2018 (UTC)"
cf6207be07faac5d7c53e54b0f5273f9b56d1dff,wolf,animal eye,Virginia Johnson,"July 28, 2019 (UTC)"
379c3be2a3e77bdf7131d5a890b5807eda9ab45e,unicorn,Lego unicorn toy,In√™s Pimentel,"February 18, 2018 (UTC)"
4f0c41a738982f6196fdede8c808280ebcc4dd98,birds,yellow green and red bird on brown wooden surface,Mohamed Elsayed,"April 26, 2021 (UTC)"
be4b593058cd77f568bf11b3e7bda3cc01f47247,puppies,chocolate Labrador retriever puppy on green grass,Garrett Karoski,"June 20, 2018 (UTC)"
0efb1b4c8aa6415b0cecc054c28fd81b46f5f7a2,horse,macro photography of brown horse on field under white sky,Jake Nackos,"January 2, 2020 (UTC)"
d904771f64b776a33d656287d2d220ce8950c315,fish,gray fish under water,David Clode,"December 18, 2017 (UTC)"
5ee7920672fdfe58b59a58bb2eb4f9c68c17afe2,lion,lion lying on brown rock,Brendan Beale,"January 24, 2021 (UTC)"
0e2ccbd516a4024da98c0d85814338d5d69b7d64,dragon,white dragon head wall decor,Rock Vincent Guitard,"December 16, 2020 (UTC)"
412410debd9ed0a8b7e200e1251b02909724f44e,butterfly,black and white butterfly in close up photography,Erik Mclean,"August 4, 2020 (UTC)"
f802e957da32a57f3eb1419eb1ee50531ab0dedf,owl,brown and white bird flying,Adam King,"February 6, 2020 (UTC)"
389887a6534f3e2e512b8eb981cfb41c6f7aee6e,dog,brown long coated dog on green grass field during daytime,Jamie Street,"July 27, 2020 (UTC)"
43d09b6795bd7e5733bfe90eba823552056f010e,tiger,brown and black tiger in close up photography,Donnie Ray Crisp,"November 11, 2020 (UTC)"
8d9dc8fdc2bb2cb0a4010d2ac6ee2a6b8b612127,whale,white and black shark in water,Gabriel Dizzi,"April 8, 2021 (UTC)"
170ef1556dbff259ca036c879ee1439f95b0861a,cat,gray tabby kitten leaning on white wall,Borna Bevanda,"September 30, 2017 (UTC)"
014b4be2e943962b640e9e36892553551ca9f018,fox,photo of red fox,Sunguk Kim,"September 19, 2017 (UTC)"
0934d9b961ca1c79e14eef8f8d4732f031ee7ede,mouse,black and red corded computer mouse,Ryan Putra,"November 19, 2020 (UTC)"
3e3779a9add9132f8bfc61eeec2e679ecd3ea3c4,puppies,black and white short coated puppy,Sergey Semin,"August 7, 2020 (UTC)"
998effc78f6d61ed98494b474787f51e12818dab,shark,black shark in blue water,Gerald Sch√∂mbs,"April 5, 2020 (UTC)"
ac42dd90bff51a0ca9b763239dd1b6eaffde70d9,unicorn,pink green and blue bubbles,Alexander Grey,"December 15, 2020 (UTC)"
3b0bc6cc4a5c8166ff5d8c2039d39254e4b1696b,fish,blue madarin fish,David Clode,"February 13, 2019 (UTC)"
7226dfde8336d98b186ad40c4e2ffb1bd85e5a83,birds,blue and red bird during daytime,Deepak Nautiyal,"November 18, 2019 (UTC)"
40bdef66c41b6097dd2f305831181ea48b789103,turkey,photo of assorted-color air balloon lot in mid air during daytime,Mar Cerdeira,"November 9, 2017 (UTC)"
216ceb2b4cc655635642318386e30f2805d9a061,wolf,black wolf in tilt shift lens,Cory Thorkelson,"February 3, 2021 (UTC)"
02c6759451a5141405477f1e8820e24d5da583cb,dragon,white smoke on black background,Katrin Hauf,"September 14, 2020 (UTC)"
d8ce0f82e5db5ad7b94f2e84a8d073e4ce45bdf1,dog,close-up photography of adult brown and white border collie,Anna Dudkova,"September 13, 2019 (UTC)"
98f47e299a188d394ee0f6b5ecc640525a415430,horse,two brown and one black horse on green grass,Gene Devine,"October 24, 2017 (UTC)"
10f0e69da04230e28ccac20476de75f67f010fb0,turkey,hot air balloons flew in mid air,Giuseppe Mond√¨,"May 11, 2018 (UTC)"
422c359bde079ae0d2d50aaa516e808ce3edfb0c,butterfly,black and blue butterfly on pink flower,Joshua J. Cotten,"June 14, 2021 (UTC)"
017ba7b687adf03a4d91c7d0d21e0bf59f32914d,fox,brown animal on green grass,Scott Walsh,"July 19, 2017 (UTC)"
7a4cfcd1d5d13dd0601a33b3a4fc1bc35d2b3e78,whale,grey dolphin on body of water during daytime,Todd Cravens,"September 14, 2019 (UTC)"
f11d33b72211d1ad9f0b9109cb0dc8af1535925f,mouse,black cordless computer mouse on black surface,Pascal M.,"March 13, 2021 (UTC)"
b25730466a103e47049f703d8325b2179009093d,owl,brown and black owl figurine,Sonder Quest,"November 30, 2018 (UTC)"
2670b634d8f8c36e4adaf2a2fb8beaa686181a7a,tiger,Bengal tiger,Mike Marrah,"June 28, 2019 (UTC)"
3d3a421ea7ca11d5fe758c103f1c58460bd2f879,birds,blue bird perch on brown tree,Dominik Lange,"October 26, 2015 (UTC)"
4e6a6d7f3a52d3b683a70d3c70f9fd1df07b13de,shark,person sun bathing on white inflatable buoy under sunny skies,Jared Rice,"September 23, 2017 (UTC)"
a27d65a5fdd9204896ff577b34d8f5c908e0644f,lion,angry lion,jean wimmerlin,"January 23, 2018 (UTC)"
4584f0493b75fb91f727151c35d0b63e1b7eb2e4,cat,white and brown long fur cat with green and red rose on head,Long Ma,"March 1, 2020 (UTC)"
99fbcc53575a9c9e38081522568e48d8db5f5ce5,turkey,red flag on top of brown concrete building during daytime,Michael Jerrard,"November 17, 2020 (UTC)"
8270ab4821ae6e1c125fe645e33e3e52be68617b,puppies,dog jumping on grasses,Arjan Stalpers,"February 23, 2019 (UTC)"
6a99126d168e30edf508631a6449d263e76f5cc6,horse,brown horse showing mouth during daytime,Navi,"December 30, 2020 (UTC)"
812890a8dbf3bcf880d5dd2ae59ab14113b9165d,dog,"shallow focus photo of short-coated white, brown, and black dog",Luke MacGillivray,"November 1, 2019 (UTC)"
a6a7a05ce662bdb337cf49450c8f496fb8d8a4df,butterfly,monarch butterfly perched on green leaf in close up photography during daytime,Sonika Agarwal,"April 27, 2021 (UTC)"
c912e03f662ca83bba11b3d9bbc90b04afcd8523,wolf,A white dog sitting on a rock formation near a large mountain pond.,Jf Brou,"August 31, 2017 (UTC)"
6a83dcae0a3db8257df8a358930f11eb72a5f58b,lion,grayscale photo of lions face,Ingo Stiller,"April 2, 2020 (UTC)"
c97fd9c7f7b729c2e629e9c4d7ff324f5f5c30c4,unicorn,silhouette of man holding stick during sunset,Paul Bill,"June 17, 2021 (UTC)"
6710295beaecd442db19702f0bda9a46f0596527,fish,yellow and black clown fish,Sunita Fan,"September 22, 2020 (UTC)"
e87eb09080a2789c5a41ea9687480198d1eb10af,dragon,shallow focus black concrete dragon statue,Astemir Almov,"May 1, 2019 (UTC)"
02a302fd9ee02f2eb2d20cab13c3bfd672a6bf15,cat,woman and cat joining hands,Humberto Arellano,"December 23, 2018 (UTC)"
cfa8194e46f2d906cacd9e8b2a59a82834e78efc,whale,blue whale on sea,Todd Cravens,"September 14, 2019 (UTC)"
783b98c1eafd19f570a03132ed53f988b64a91e7,tiger,brown and black tiger showing tongue,Kartik Iyer,"March 17, 2021 (UTC)"
a693444e041b162b9f3aadc0685643c19a109c98,shark,white shark under blue sky,Gerald Sch√∂mbs,"December 4, 2020 (UTC)"
e5b1610b23b796a2c2cad32a8d82fdb03d1aeabb,owl,brown and black owl on brown tree branch during daytime,Ilse Orsel,"September 17, 2020 (UTC)"
bde621468d606a0925c19d3e77c4bf4d27643728,fox,red fox on concrete road,guille pozzi,"November 25, 2018 (UTC)"
a8e978a81d92f77774bb02b88f0749958024a646,birds,two loriini birds on brown wood branch,David Clode,"June 17, 2019 (UTC)"
81d8d8356f6ff6588ee41c4a03d1d02726aea9d5,fish,orange and white fish in fish tank,Carlo Pentimalli,"October 24, 2020 (UTC)"
8cc33a6ce62f42f47d21128a6667aa29980f9e21,mouse,selective focus photography of brown hamster,Ricky  Kharawala,"February 28, 2015 (UTC)"
036e43ef3cb6ed2b77f93959139fac6462794c90,turkey,aerial view of buildings and flying birds,Anna Berdnik,"April 20, 2018 (UTC)"
eebd7c1ef6319108bc5bcb600ba3358a5b32378b,wolf,brown fox on green grass during daytime,Daniil Silantev,"October 12, 2020 (UTC)"
2cafc43511556a3c6de4166a378cdec012e85197,puppies,a dog that is laying down on a ledge,Stephanie Cook,"August 13, 2019 (UTC)"
2d39788900276eee0f9fd76744758fb439f853b1,horse,brown horse close-up photography,Ivana Cajina,"February 26, 2018 (UTC)"
578953446b6b3f057680dbbc08d9cfaa85e683f6,dragon,woman in black sleeveless dress standing beside brown rock,Andre Sebastian,"December 1, 2020 (UTC)"
d5b141344407fe8eeb9c70e7dfe75ad788e88c3b,butterfly,purple and white butterfly on green leaf,Sian Cooper,"December 25, 2018 (UTC)"
bf0ebb915f7ecbd8252924fd293c5c0fdba06add,dog,brown and black short coated dog on green grass during daytime,Tahoe,"June 26, 2020 (UTC)"
977dd3ded850726cf62bf261e9ce3fb43d865f59,unicorn,yellow and blue inflatable duck on blue sea under blue sky during daytime,Meritt Thomas,"March 30, 2020 (UTC)"
b912803fbf67485ba7323d32cc9828c3b24291af,owl,a white owl sitting on top of a rock,Simon Schwyter,"September 24, 2021 (UTC)"
5fea41b2e0cd405a84fc762071613ab664b86b45,lion,grayscale photo of lion face,Catherine Merlin,"May 2, 2020 (UTC)"
416c228365fc9a96dd3dbbb45f8ca70dd0daddc4,birds,time lapse photography of owl flying,Richard Lee,"January 18, 2018 (UTC)"
e75fc435aea27fcd5d3add3fe0814c24eea4d0ae,puppies,white long coat small dog on green grass field during daytime,Xuan Nguyen,"September 10, 2020 (UTC)"
b5462ece2f8838d7a2ba56e9c8ca13700db14fef,fish,closeup photo of gray pet fish,Paco Joss,"May 24, 2018 (UTC)"
7fab65a1056aa58e8d6a56966c9226fec08ed8ba,turkey,city buildings near body of water during daytime,Engin Yapici,"May 15, 2020 (UTC)"
84a3a9bd6673b33c076b0c141ee1283650808e96,cat,tuxedo cat in brown cardboard box,Jiawei Zhao,"March 13, 2021 (UTC)"
3c2c831e5fbba716b8b9dc5e68c0d203f66eeb5a,unicorn,pink and white unicorn lego toy,Nik,"February 21, 2019 (UTC)"
c28dfac226c4a9bb33241bf96c2f2313438021b4,wolf,selective focus photography of gray wolf,Michael LaRosa,"November 16, 2017 (UTC)"
48e1d4a668201a52c51311e77f7ec78d4b19d605,dragon,a black and white photo of a red object,Alexander Ant,"June 11, 2019 (UTC)"
46d320761dfe1aa5179fa5db88693e4cbb04190c,horse,close-up photography of brown horse,Magdalena Smolnicka,"March 6, 2019 (UTC)"
e0ed764046865e3c8390cb452464b6f9a09b26aa,dog,brown and white short coated dog on beach during daytime,Andre Tan,"April 11, 2021 (UTC)"
f6c9da4d9c1f7a57e81572243e45c4fba3cb07a7,cat,brown tabby cat,Yoo hoo,"January 16, 2020 (UTC)"
42fe08f8dd17d6907b9e7ba2968fdfaf8d72001e,puppies,white and brown long coated small dog on green textile,Karsten Winegeart,"August 23, 2021 (UTC)"
b19f47129d90b935e84708931d9b79b9be6d1d7a,lion,brown lion with white tongue out,Glen Carrie,"May 16, 2020 (UTC)"
aeebda4dd7e4e72ea23265d5d25bd4d1f0d54454,birds,a small blue bird perched on a tree branch,Jeremy Hynes,"November 7, 2021 (UTC)"
a92f00a5570497e470029692d737656a74178d2c,owl,brown and white bird on black wire during daytime,Pete Nuij,"June 12, 2020 (UTC)"
6673af4f99be85698908f26a6c90100517a62bfb,butterfly,brown and black butterfly on yellow flower,Joshua J. Cotten,"September 28, 2020 (UTC)"
806090a00023e2a67720a8587a1bc9a59608b826,wolf,man holding flashlight standing on rock,Warren,"May 21, 2017 (UTC)"
501dd2b6d8846e5c1fe24102cb86f7521e7a3f8e,fish,orange and white fish on white and black pebbles,Mike Bergmann,"March 7, 2021 (UTC)"
b072f39eaa04485a77166a2468206b7bf0d30959,horse,brown horse running on brown field during daytime,Philippe Oursel,"June 28, 2020 (UTC)"
ff420488e25788425de5e8fa98bc70fc2a432867,turkey,brown and blue concrete dome building,Fatih Y√ºr√ºr,"June 1, 2018 (UTC)"
b0b0caecd73b121c542fa558db94b98d6692a562,unicorn,white and gold ceramic unicorn figurine near coins,Annie Spratt,"November 24, 2019 (UTC)"
764d23db8cdc0cb6058d5b95b27b5d44cd9d9498,dragon,white and brown dragon head,Alyzah K,"February 14, 2021 (UTC)"
1c5d1c525c7ed6b6d0adaccf4e7f673cf4bc2e86,butterfly,brown black and white butterfly,USGS,"March 20, 2020 (UTC)"
c1b1de331185b844df354b162dc660aac94bfcad,owl,brown and white owl on brown tree branch,Elihu Gideon,"June 10, 2020 (UTC)"
1aee6434f2d3220750c3d929174138dea669ad99,cat,brown tabby cat in close up photography,Sajad Nori,"December 24, 2020 (UTC)"
ef49a8f6c642f47e34b0ab83005fe988cf1ca272,cat,white and gray cat on green grass during daytime,zhang kaiyv,"March 15, 2021 (UTC)"
45bbd53bcb591a77cdddfbee291ca16f0b21e163,dog,selective focus photography of white dog running on green grass,Gabriel Crismariu,"September 16, 2018 (UTC)"
54201b934d3c2767d9d23975929ab9f5dff17311,lion,grayscale photo of lion lying on grass field,Andrew Liu,"March 12, 2021 (UTC)"
47748d504afbc98a430f4fd2a9bc4cbbbe92ef3e,owl,white and black owl,R√∫ben Marques,"July 28, 2018 (UTC)"
716dff25b36bf61c1852c5f962e52dba24f9ec1a,dog,brown and black yorkshire terrier puppy,Tanner Crockett,"November 12, 2020 (UTC)"
6597fea9b3b4e1f56524e1f04af45e69a762fadf,dragon,bonfire,Angus Read,"December 13, 2018 (UTC)"
78fef00331219a5ff515d640907f09f0be0f6638,owl,depth of field photography of owl on tree branch,Ryk Naves,"January 31, 2018 (UTC)"
75c07d97f3836764f5e7c8bfc3725e193fed8c86,lion,close-up photography of lioness head,jean wimmerlin,"January 27, 2018 (UTC)"
3877a7534ace31c073fa3d952c95e38ab744ccda,owl,brown and grey owl flying near tree,Richard Lee,"November 25, 2018 (UTC)"
48b5c3fb4eed930e86ce364a7d80c3e410a54c67,butterfly,white butterfly resting on cat's nose,Karina Vorozheeva,"May 14, 2018 (UTC)"
eb67ead52497b31a298c1768b4ef55766e42cd0a,lion,lion laying on ground facing sideways,jean wimmerlin,"January 23, 2018 (UTC)"
d8a049e18b6dd77f21e9ad25893810c36a11ca5c,dog,short-coated gray dog,Cristofer Maximilian,"August 7, 2019 (UTC)"
54858ee4c8a50e402539564947ba97844461d344,dog,photo of adult short-coated white dog,Marek Szturc,"January 13, 2019 (UTC)"
b7f9e575503e39744041fe52fb4fa5286148ed88,lion,lion on brown grass field during daytime,Keyur Nandaniya,"October 2, 2020 (UTC)"
02266fdb06d782fea4e7c48f178dec0603b8841d,dog,brown and white long haired small dog lying on red and white textile,Izabelly Marques,"March 30, 2021 (UTC)"
1d28452b78b28e278e96f5a42b13897a2f2dcfbf,lion,yawning lion,Zo√´ Reeve,"December 7, 2018 (UTC)"
f5e74ed19b10b215c83002f00670d84c42d05dd8,dog,golden retriever puppy on white floor,Olga Andreyanova,"June 21, 2020 (UTC)"
365e95c4ed780be79dd971cb6680d59f24f156f4,lion,brown lion lying on green grass during daytime,Brianna R.,"March 7, 2020 (UTC)"
429a2fbd9680fb03a120bad74969031b15f2069b,dog,brown short coated dog on white and black checkered textile,Chino Rocha,"March 26, 2021 (UTC)"
109ec523766bd3bb114431aca4ebbfd932908e8a,dog,white long coated small dog on red textile,Karsten Winegeart,"December 16, 2020 (UTC)"
2f2d8bcc1565a87f1e629d6a61cd0546e8199393,dog,brown and white short coated dog on white sand during daytime,Dongsh,"December 23, 2020 (UTC)"
83803bbdb6eadf360037dbf99b3a2f923ad29e6f,dog,black pug wearing striped apparel,charlesdeluvio,"January 31, 2018 (UTC)"
469a9935e15a5446178927c497e356c5d783c870,dog,brown short coated dog covered with orange and white blanket,Sdf Rahbar,"October 5, 2020 (UTC)"
2664ad399cec77d788c3b640523f93ec949a3eda,coyote,brown wolf on gray ground during day,Ben Mater,"December 23, 2019 (UTC)"
239d3ca4ad8449ff681adefcaae69bbdba1134c4,coyote,coyote walking on desert during daytime,Oscar Sutton,"May 4, 2017 (UTC)"
2c594a14531b1bc7bd4247d203c77591099a5669,cow,brown cattle on green grass,Christian Burri,"July 16, 2019 (UTC)"
54796887445ce412041bd64efa3b28aaac4f6a56,penguin,white and black penguin on grey sand,Nathalie SPEHNER,"December 10, 2018 (UTC)"
df2d985e1164f2eec901e30b83249ef43aafe45f,giraffe,brown giraffe in close up photography,Jos√© Le√≥n,"February 10, 2021 (UTC)"
877a0f9b4f1130b2629b1bd8ac69e1774b6197f0,deer,a deer laying down in the grass next to some trees,Edho Fitrah,"December 22, 2018 (UTC)"
91471268f6ea6032e75d844408808b9a08bec90d,penguin,penguins in seashore,Paul Carroll,"March 7, 2019 (UTC)"
47d385cbe1c87a831a8c7e5e37cc088c97756255,cow,herd of cow on green grass field during daytime,Yang,"May 12, 2020 (UTC)"
21efab42dfc7b41ff9356022934d87437add3433,cow,brown and white cow on green grass field during daytime,Gilles DETOT,"May 12, 2021 (UTC)"
49b1e527b3b9fa74eed6d89a82037df9b6e9bb26,deer,dik dik during day,Siska Vrijburg,"April 3, 2018 (UTC)"
b9b985ac3d9cbfa32477c5aa298a79d1c31bb971,giraffe,giraffe's face at the open field,Charl Durand,"June 29, 2019 (UTC)"
94bf74c3cb1d84971f7f0c48d49e13a5e0fc54c1,penguin,penguin standing on brown rock during daytime,Thomas Denton,"July 19, 2020 (UTC)"
b5e199c0d1a74f2b9cc9db85f015b8220a5a7b4b,giraffe,wildlife photography of tower of giraffes,sutirta budiman,"February 15, 2018 (UTC)"
3f158db93921cecf8282a4bbdd34000aed23bb35,deer,brown deer on green grass field during daytime,Brendon van Zyl,"October 31, 2020 (UTC)"
6330b2685ed9a8ced90887ffc296f6f82d75d142,cow,brown and white cow on green grass field during daytime,Thomas Oldenburger,"November 8, 2020 (UTC)"
22dc64f49316bb822f2b82d63f729ecccf2f88a2,coyote,brown and white fox on green grass during daytime,Abbie Chohrach,"December 8, 2020 (UTC)"
cff18af414d124199f407a5e8ea0f1d636a06f93,kitten,kitten lying down on bed,nine koepfer,"December 22, 2017 (UTC)"
59935cbc190e242449c82c86d1a21f7070b77752,frog,green frog on branch,David Clode,"January 31, 2019 (UTC)"
2ad2c321c8f96c5c073d956c9d6b54414ebcaea0,coyote,black and brown fox standing on snow during daytime,Casey Horner,"December 11, 2018 (UTC)"
88bcaaab250ee17961cdc3a7f38143e9abb51510,penguin,gray penguin on gray rock during daytime,wilson montoya,"October 4, 2020 (UTC)"
ce53bbad94a93340ead9cb5136b849cad36e834d,coyote,brown and white fox on brown ground during daytime,Mark Basarab,"June 2, 2021 (UTC)"
12fa7d5c35cf3a93c24b87021eccac413ae27ff4,cow,brown bull,Quaritsch Photography,"March 3, 2019 (UTC)"
d004d5c9494a710b60215d2efe652dbf846198b6,deer,brown deer on green grass during daytime,Nico Schuth,"August 10, 2020 (UTC)"
e0c76bb77c54218aaa5c25c6b15ab08cc3cb4269,monkey,black and brown monkey in close up photography,Joshua J. Cotten,"May 28, 2020 (UTC)"
149a88f6436ab5864c2ea4407bcefcf4f64e502f,frog,shallow focus photography of brown frog,Darko Pribeg,"April 21, 2018 (UTC)"
f047b3fbaafb7eed8d07fcd38006a304768dd3e5,cow,brown cow under blue sky during daytime,Anand Thakur,"July 25, 2020 (UTC)"
37c567db7adf81d8e6fc3dd50a3978766d6ebf17,coyote,white and brown fox on green grass during daytime,Tristan Frank,"January 10, 2021 (UTC)"
446842ad326a0703efa10257e22dea747e330081,kitten,brown tabby kitten on white surface,Sergey Semin,"June 27, 2020 (UTC)"
54fbad90ca048b4322768689707b712618c968a5,giraffe,giraffe standing on brown dirt road during daytime,Sharaan Muruvan,"July 1, 2020 (UTC)"
0a9a05c84db3420321659f706073f74b63a708ce,panda,white and black panda on green grass during daytime,Kamala Bright,"October 13, 2020 (UTC)"
a067e65853616ea283862ca2b4f7d2f800a69b93,panda,white and black panda on brown tree branch,Richard Tao,"July 25, 2021 (UTC)"
9055efb755a6620d5aedf42d9a93b2b0ae8ea36e,monkey,black and white gorilla face,Rob Potter,"March 3, 2021 (UTC)"
65b5397e13f2034655f375d0fe1c4d1f6619ad45,penguin,white-and-black penguins on rocks,Derek Oyen,"March 1, 2019 (UTC)"
f5be7be7f427a2827d37bbc0b93d630754211844,snake,green snake on black background,Sagar Paranjape,"May 22, 2021 (UTC)"
a5f5c3cc7e6bbbc903ac591489683b774a5c95b6,kitten,brown and yellow coated cat,Jeanie de Klerk,"May 6, 2019 (UTC)"
972f85b9f9fe2e001f661fc53e5f58f3114196d8,bear,two gray bears in green lawn grasses,anthony renovato,"November 5, 2018 (UTC)"
26bd900cf1fcd2e44eed33a48f35703d351aee95,frog,brown and beige frog figurine,Timothy Dykes,"May 30, 2021 (UTC)"
441cdbe6ed341502e7e81899f4fb8794be6fcf7c,coyote,beige and white wolf close-up photo,Lian Tomtit,"October 7, 2018 (UTC)"
55882b548a8381c083b63c8e2b1556bfd6524954,panda,man in green shirt and black pants holding black and white stick figurine,Mateusz Butkiewicz,"January 26, 2021 (UTC)"
bcd47e29a0555d3be38df8cc61abd68ee4f85d69,monkey,two baby monkeys on gray tree branch,Brian Mann,"May 1, 2015 (UTC)"
4ae6437b697cba4b3eaa51ccd78c57bb798dd607,snake,black snake closeup photo,David Clode,"October 13, 2018 (UTC)"
84f9beea10bce833d9b2d28ab0f4b779c226e8f8,penguin,penguin standing on cliff,Francisco Arnela,"June 3, 2018 (UTC)"
7e60bbf1671060fb6130bc91d460162f46a44908,cow,group of cows,Quaritsch Photography,"June 20, 2019 (UTC)"
994f3782d54cd3f9b1163d0390043948149958e1,coyote,brown wolf walking on snow,Caleb Woods,"January 29, 2018 (UTC)"
f7733812552b479b7c5d35c53aeff5da81e06f25,bunny,a small rabbit is sitting in the grass,–ê–Ω—Å–ø–ª—ç—à –°—Ç–µ–ø–∞–Ω–∞,"August 25, 2021 (UTC)"
0066ebeabac2ddce67bc1cc3ca0a9c2db356c572,deer,gray and white deer on snow field,Steve Adams,"June 20, 2018 (UTC)"
a8da204f9783e20362d5577424de840c0eeaa64c,deer,brown and white deer head,Diana Parkhouse,"October 15, 2019 (UTC)"
f116dd9dd4746bbe5940a48073888c14d4423a6a,frog,green frog on brown tree branch,Zdenƒõk Mach√°ƒçek,"April 13, 2020 (UTC)"
163610bf7d320409e1ee78368583883a1b243e20,monkey,brown primate holding Coca-Cola can,Eirik Skarstein,"January 23, 2018 (UTC)"
7aa64f8c89dbbc0f8df74e659d68a148e1510d4f,bear,brown bear on snow covered ground during daytime,Melina Kiefer,"September 28, 2020 (UTC)"
b879779228dc8e6398e86548ccd6edba77acf153,peacock,blue green and brown peacock,Jairo Alzate,"December 17, 2020 (UTC)"
568dbbbafcc69c9fff91a99da02d44dba31793e1,panda,panda bear on green plant,Stone Wang,"April 4, 2021 (UTC)"
df773cb532cffac88c7bf4fe19d3bfef392ddf7f,kitten,orange tabby cat on brown woven basket,Daria Averina,"March 11, 2021 (UTC)"
7f5ac843d21038ae85641349810e5199f800f8c7,deer,herd of deer on brown grass field during daytime,Hari Nandakumar,"February 19, 2020 (UTC)"
077b052f12090b60d6c7a312b572bd28c7360609,cow,brown and white cow on green grass field during daytime,Gabriel Porras,"April 10, 2021 (UTC)"
7ae3681fc69e22c0ccec8c641e2f5d5357b99e4c,giraffe,selective focus photo of giraffe,Andy Holmes,"November 27, 2019 (UTC)"
c52b4e975388d1f561e8793c3733fc2c9aa200b7,snake,brown and beige python,David Clode,"January 9, 2019 (UTC)"
b2d9fd785e1547326b7d38465e13f2999ab6eedb,giraffe,brown and white giraffe on gray ground during daytime,Dustin Humes,"June 14, 2021 (UTC)"
c07b9fe7b41493d06e7d644508c4463a3420f8be,penguin,penguins on gray concrete wall,Shaun He,"October 25, 2020 (UTC)"
8847fd90e22142523a5efc62c6dfc5260e1be5e8,peacock,blue peacock in water during daytime,Anna Stampfli,"January 11, 2021 (UTC)"
e625a839c7e993b5ca18b7309310633543f9b507,frog,closeup photography of frog on stone,Samuel Giacomelli,"August 12, 2018 (UTC)"
e5453d692e20080f3abf108c34bc62b97da498bb,bunny,brown rabbit on green grass during daytime,Jeremy Hynes,"June 14, 2021 (UTC)"
a0d06d30cdc8d829a135ac13a464d30b086dc72a,monkey,selective focus photography of monkey,su fu,"May 24, 2019 (UTC)"
a6bae7849a1b023552a16a07c1bc75cb564b8a79,panda,panda bear on tree branch during daytime,Stone Wang,"April 4, 2021 (UTC)"
4f3ecb944063e73c7167f8e02098cadddc35866c,penguin,a penguin standing on a rock in the water,66 north,"April 15, 2020 (UTC)"
6153bbcbcf98c7e1d91e82db2c996f9b03fb5429,bat,brown bat flying,Igam Ogam,"February 5, 2018 (UTC)"
e26704b308f42923b88986a63dab5d6a7a0a5dbf,cow,white and black cow,Amber Kipp,"December 22, 2018 (UTC)"
3e3a8d955ac7f25b7689b49234443608f4f11d51,cheetah,cheetah on brown grass during daytime,Sammy Wong,"August 19, 2021 (UTC)"
3bfc8c0329bee489caad23e6535a0823fc040e78,giraffe,brown and white giraffe,Todd Trapani,"September 11, 2018 (UTC)"
623542338d4a92c9e680b85728737ace1fb7bd3c,kitten,grey cat,The Lucky Neko,"October 3, 2019 (UTC)"
749e93cf4e2009d5cf6b7cec9e938468c362f023,bunny,gray rabbit,Matt Pike,"December 11, 2019 (UTC)"
31c7f7dcabae8f5e7e62d73c197120ee16282029,coyote,shallow focus photography of short-coated brown dog,Joshua Wilking,"September 5, 2017 (UTC)"
43b74f7466d5648543294d05f70f41d65a6ed127,snake,a green snake on a branch of a tree,Chris Curry,"April 27, 2020 (UTC)"
faafcf04a3013a3e5d6edbc2d4f98e59aaf154c9,bear,brown bear,Du≈°an veverkolog,"June 21, 2019 (UTC)"
566337e3aaa3fca0d0cf77ac8ea58bb338eaf906,peacock,blue and green peacock,Lilian Dibbern,"September 6, 2019 (UTC)"
4ad24c308d846a5659608f152ff6f1bedd220b58,frog,green frog swimming on water,Ray Hennessy,"August 2, 2016 (UTC)"
ab5d5e43663801c2a99c4c641eed44f29115da35,cow,brown cow on gray sand during daytime,Kseniya Konovets,"July 21, 2020 (UTC)"
862eca58e8c3edcb664a30564e9048ab72c16082,panda,red panda,Julien Mussard,"November 22, 2018 (UTC)"
c7c9d9a26c698a1df473136559a9a71b929a63e0,bear,two bears are fighting over a fish in a waterfall,Donna Ruiz,"October 1, 2021 (UTC)"
7ab4a385df50b32a9205408d842250a0f2cf3574,giraffe,brown giraffe under blue sky during daytime,Slava Abramovitch,"January 9, 2021 (UTC)"
ddc4d3e90d2b69827ab436a3371cf800db7f772e,deer,brown deer on green grass during daytime,Y S,"November 25, 2020 (UTC)"
c76fb2cdd2c0e432eff961eafc8e0c2a8ce03b4f,bear,brown bear cub,Olen Gandy,"December 25, 2019 (UTC)"
b58153c596573d9c1e2226407de3d3dfb04fe307,penguin,black and white penguin standing on brown sand during daytime,Mikell Darling,"February 12, 2020 (UTC)"
64016fb7db5687ccbc89df487e23d1b3551a7c5c,kitten,white and gray kitten on white textile,Kote Puerto,"August 8, 2018 (UTC)"
29836e51f8170524aa9bbc5e7eb32d83f743abcd,snake,black and brown snake in close up photography,James Wainscoat,"July 28, 2020 (UTC)"
26402ef64aac9e8959617c8546e42a11c4a70ab9,monkey,gray monkey in bokeh photography,Juan Rumimpunu,"March 30, 2018 (UTC)"
9671fa787d7ac84b618537bc7ca67b0856470733,bat,brown and white cat lying on brown wooden floor,Nils Bouillard,"January 5, 2021 (UTC)"
d211ea35ad37e3cdf0ebe462308e3e6df0075250,bunny,black rabbit on white floor,Aneta Voborilova,"May 30, 2021 (UTC)"
798cfc0cc1ad9992fbe18ef4b3058d4efd15b819,coyote,closeup photo of jackal,Priss Enri,"December 26, 2016 (UTC)"
9e192a96c8785b73fc7b62de0453276d8dd4647e,cow,herd of cows on grassland during daytime,Jonas Koel,"September 7, 2019 (UTC)"
c17dc74818af61189c4f519fdc1f625d1718f185,snake,a brown snake on the ground near a tree,Nivedh P,"December 7, 2021 (UTC)"
fa693291e1baf9f10553368421c1e7db0c204126,cheetah,cheetah on brown grass field during daytime,Shiku Wangombe,"August 24, 2021 (UTC)"
f0a8eb5aa876b6958d8c9fab8ee0e0fb9283e7e1,giraffe,selective focus photography of brown giraffe,Wolfgang Hasselmann,"December 23, 2019 (UTC)"
9ae6b0216f2a800f3f187186f7a24a1fbccfe4b5,frog,brown frog in water,Ed van duijn,"January 4, 2019 (UTC)"
474f5129de633b07be7c10823d2a9f2ddf8494bb,peacock,blue and brown peacock on green grass field,Rendy Novantino,"July 15, 2021 (UTC)"
22b33e657cb261016a76a32167d71965923831ea,monkey,brown monkey sitting on branch,Olivier Guillard,"August 18, 2018 (UTC)"
b74f6af2f316b3d524bf8c18bc7100abe426cc8b,deer,deer under tree during daytime,Thomas Kelley,"August 30, 2016 (UTC)"
2d6e23950b4d4e8545ed91407e2b3e0a6864ed55,panda,white and black panda in close up photography,Sander S,"August 13, 2021 (UTC)"
98c5b2b0cd10330f45bdb0742863662ac726acb7,penguin,penguins on gray concrete pavement during daytime,Hubert Neufeld,"February 18, 2021 (UTC)"
30486c3528f65776da88c9953f44155303db4b9a,bee,bee on white flower,William Warby,"February 14, 2019 (UTC)"
78fadc5a7c2023ef39d08e9ca469967879d7ef51,coyote,brown and black wolf on green grass during daytime,Mario Losereit,"December 5, 2020 (UTC)"
0f4c293338920dd1239e01357c8633073a14a83d,bunny,white and black rabbit on gray floor,corey oconnell,"January 15, 2021 (UTC)"
15b470776747e74c0448318e71a0e3a556af937d,bat,black and white short coated puppy,Jos√© Ignacio Garc√≠a Zajaczkowski,"November 29, 2018 (UTC)"
534d64f1b1a22e41e1a8fcc95b00cc6974bd8601,cow,herd of dairy cattles on field,Leon Ephra√Øm,"August 24, 2015 (UTC)"
c9ed02c6dd37fc5b954712990fd2b47e4bc0aede,giraffe,three giraffes on brown grass field during daytime,MARIOLA GROBELSKA,"February 3, 2021 (UTC)"
b740a34558285e958fa7c9b9d4e032c40a4d241e,frog,blue and white frog on green moss,Wallace Heng,"June 8, 2020 (UTC)"
b7e45750f42e4a300cbb8318bce7e5247e54803f,cheetah,brown and black jaguar,Charl Durand,"May 31, 2019 (UTC)"
1273d296f8f7e1aa89abc486f3775f8f99cd59ff,bear,roaring brown bear,Andre Tan,"November 7, 2018 (UTC)"
e8253eb298c7e01aecbb2471fe2fbea6a44a7e4c,panda,white and black panda on brown tree branch,Stone Wang,"April 4, 2021 (UTC)"
66b1cb7efbefc055473dee8abf5965a6fe1012aa,peacock,blue and green peacock,mana5280,"May 28, 2019 (UTC)"
4fcca64e9710a93316966bfe76ac4826701a5dc6,penguin,penguin standing on ice field,Danielle Barnes,"December 7, 2019 (UTC)"
d76466f7eda1f0288db8460a15ac7d51efc2506b,snake,white and brown snake on black background,Fidias Cervantes,"August 4, 2020 (UTC)"
f27c2625d65dbdfaf7260d7555d06d0df104f63f,coyote,a lone wolf walking through a forest at night,Julien Riedel,"September 25, 2021 (UTC)"
f4ccee8826f20e40ad66bbf9d65541241cbddaf7,bear,polar bear on snow covered ground during daytime,Hans-Jurgen Mager,"May 16, 2020 (UTC)"
63c6af5bb52e5339f5b55977d1e8851ee594e0a9,bunny,white rabbit on green grass during daytime,Janan Lagerwall,"April 2, 2021 (UTC)"
bbf479db0ff34ea41cb0ec1c6d56449e1ad2ed1b,monkey,gray monkey under sunny sky,Paolo Nicolello,"June 17, 2018 (UTC)"
2d644e97568965b4c7f930b0392dd1143bace20a,cheetah,cheetah resting on grasses,Hu Chen,"January 22, 2018 (UTC)"
e1bba549db2f8ba87e33acc3a3adce4dbebfd40b,kitten,three assorted-color kittens,The Lucky Neko,"August 26, 2019 (UTC)"
d6b29f926c969803fdef1da28858a2a4b5bc318f,bee,bee on purple flowe,Aaron Burden,"August 11, 2017 (UTC)"
150aa8f5137e772a33c75c63fa8e4cc110f49ff3,bat,flock of birds flying under blue sky,Serrah Galos,"December 29, 2017 (UTC)"
cbe0dc0783a71c4964d694094ca5fc184fd23b16,giraffe,brown giraffe on focus photography,Sergi Ferrete,"August 18, 2019 (UTC)"
9fce026a03c0b2546f5f1ed3a212686f5cc44044,peacock,green and blue feather close-up photography,David Clode,"July 22, 2019 (UTC)"
904ac301c56a17cf8a3c0013610a32410be387df,panda,panda bear on tree branch,CHUNTUNG KAM,"July 13, 2020 (UTC)"
32f2224a620b6461d0882d6ae3ba486d7cba3f7d,monkey,brown monkey on brown tree branch during daytime,Bisakha Datta,"December 7, 2020 (UTC)"
766388edf14ecb7b9875f1f56f8d1c91849349f7,kitten,white cat,Leonsa,"November 1, 2019 (UTC)"
a532608d9803c72ecdf75d0f5a2a0fe27892b2dc,deer,bulk on ground near tree,Nico Miot,"December 28, 2015 (UTC)"
8f232031f6f1134e13d79bd8d5910248731842cb,cow,white and black cow on grass field,Alaina McLearnon,"December 21, 2018 (UTC)"
0840e00dc153de1c25554527eb3e2c59e6ba89d4,penguin,penguins on green grass during daytime,Martin Wettstein,"July 26, 2020 (UTC)"
474b20d037745deace9ef0c33ec79468d5a508d9,frog,green frog on wood,David Clode,"August 15, 2017 (UTC)"
4f76459dab05950eaa9c346c43ca22b2d68c3302,snake,brown snake,Kevin Bosc,"April 4, 2019 (UTC)"
0ed1a82be9483cd4b0925c5c5c9230bceb8bf047,coyote,brown fox on snow covered ground during daytime,Daniel Lloyd Blunk-Fern√°ndez,"January 24, 2020 (UTC)"
097445843e820c19431bbf561a3e9e3135b5347a,bear,polar bear on snow covered ground during daytime,Hans-Jurgen Mager,"July 5, 2020 (UTC)"
b2ea55856e0da374620adfd00edc42d9c6ca80b3,kitten,brown tabby cat on brown wooden floor,Zuzana,"July 11, 2020 (UTC)"
905fe9ec943f807ae8233749db712516f47c6624,giraffe,giraffe face,James Wainscoat,"January 26, 2019 (UTC)"
90b044cc1abd50102bfab8a190142f1c5a1d44ab,deer,photography of deer shined by sunlight,Diana Aishe,"July 31, 2018 (UTC)"
85234e266ff79ac925274902104b3c80febc4f39,deer,brown reindeer in forest during daytime,Siska Vrijburg,"November 20, 2017 (UTC)"
171e7a03338b3a0fdafab8991485c8095ec6e52a,bat,brown monkey on brown tree branch,Johannes Giez,"July 1, 2020 (UTC)"
11b7661a41a762b7cff840848c7bc1fa6a8c9fae,peacock,blue and green peacock on the balcony,Lenstravelier,"December 28, 2018 (UTC)"
df231fea3f670e17113cf505d44dc5f0c5e35ec7,bee,shallow focus photography of bee on flower,Aaron Burden,"September 2, 2017 (UTC)"
2543614e27242b34bd49579ab1ede1488fdac827,bunny,brown rabbit,Melanie Kreutz,"October 13, 2019 (UTC)"
c5e49074af4ed5fda7a6572418a4d381c1bb4349,cow,three black and white Angus cattle on green grass during day,Andy Kelly,"October 4, 2017 (UTC)"
eb2e13fc657846966db709ba1b2f1fd97030846e,snake,brown and beige snake on white surface,Timothy Dykes,"March 25, 2020 (UTC)"
823e589fd9134c267bb0ebb78cfe327b9bdf125b,monkey,black and white monkey on wooden surface,Chris Curry,"October 5, 2019 (UTC)"
07d4b4964cf31f7a26ff03fffb82ebd37a909a2c,penguin,white and black penguin on snow covered ground during daytime,Cornelius Ventures,"August 26, 2020 (UTC)"
ed628ebb83bde8b49f0007cabd5bd3ad53f87231,panda,a panda bear climbing up a tree branch,Ruiqi Kong,"December 8, 2021 (UTC)"
f4950369c0181bda599de01a026629af8f24b8e0,moose,a close up of a very cute looking animal,Gregor Scheithauer,"October 23, 2021 (UTC)"
aaac23c3734448923eb0e21062d38fc22ab42320,cheetah,cheetah walking on large rock,Rodrigo Ardilha,"May 13, 2018 (UTC)"
b41c5d316dc9721744d7831fd9ef1b15970b4bc3,bear,black bear near trees,Zdenƒõk Mach√°ƒçek,"June 7, 2019 (UTC)"
f8185727f6994a9b94d73eaa97e5dfa69ee5eaed,bat,black and brown animal head,Riizz,"October 5, 2020 (UTC)"
681078414bb054001092aecd77c4d966d2498c23,bunny,person holding white rabbit during daytime,Travis Grossen,"September 3, 2020 (UTC)"
dc4e455127aa7fde6110b5f9cf6b517b32aa5deb,peacock,male blue and yellow peacock,Siddhant Kumar,"April 7, 2019 (UTC)"
bbd1cb9fb08c08eff980c694176cd030acb54c8b,moose,brown animal lying on green grass field,Diana Parkhouse,"May 22, 2021 (UTC)"
2f26b052aa04e3832e0ce149f2278e607c495cae,bee,black and brown bee on human skin in close up photography during daytime,Eduardo Gorghetto,"April 30, 2020 (UTC)"
6134ebfe4b0e6e533159de202d0a91a1d8093d3b,frog,green frog on water during daytime,Erzs√©bet Vehofsics,"June 22, 2020 (UTC)"
c123c38f32849e4f9da799dbc64ed1ee2e4164a1,cow,brown and white cow on green grass field during daytime,Daniel Quiceno M,"August 6, 2020 (UTC)"
2c60062d7f24e61f3fbfb35d0087aaaa390ce36b,panda,panda eating leafed,Michael Payne,"September 28, 2018 (UTC)"
38fac0c95cf5148e47212c8f9e32e433e7148675,coyote,brown and black wolf on ground,Crisoforo Gaspar Hernandez,"April 6, 2020 (UTC)"
50679d8509da222ca1a4d53ab30902767161e7ab,monkey,selective photo of brown and white primate,Patrick Beznoska,"January 23, 2018 (UTC)"
5426fcc1508e3c4dae0008d651f93c90387e0c9f,giraffe,giraffe standing on brown field during daytime,Valeria Hutter,"May 5, 2021 (UTC)"
e2b1aaa4df90bfb8539055117f83763d86e41be0,cheetah,brown cheetah during daytime,Maurits Bausenhart,"September 8, 2019 (UTC)"
93736ae0604ead2cf94bf06332ab2f4e0db24289,penguin,white and black penguins on snow covered ground during daytime,Dylan Shaw,"December 31, 2020 (UTC)"
1e687b21b76b0a1582fcc0146eefdb991594840a,deer,silhouette of deer beside body of water,Diana Parkhouse,"November 22, 2018 (UTC)"
99105b8c8f4673c1b5ba5291089392dc434e4215,kitten,brown tabby kitten on white textile,Joe Cleary,"October 21, 2020 (UTC)"
4ff6f355428c6407baf4ba4d73c78627c7e7fd64,bat,black bird flying in the sky,Vikram Nair,"August 14, 2020 (UTC)"
14749237f00c4e223edd8dfc5ffecd0547780792,bear,closeup photography of brown bear,Thomas Bonometti,"November 16, 2019 (UTC)"
220923968c9a8b95efb67aaeebd139ef08a6d8b9,bunny,white rabbit on pink textile,Pablo Martinez,"May 15, 2020 (UTC)"
a5d58e707e64fbccd4b490f81f441feb8fb4d209,giraffe,portrait of giraffe,Andreas Rasmussen,"September 28, 2018 (UTC)"
8336ffd0bfa0c5c58f21b60d43f108ee68ad0107,bee,yellow and black honeybee perching on purple chrysanthemum flower,Krzysztof  Niewolny,"October 12, 2018 (UTC)"
f72da4895fd28e9581cf1e5ec14b76b36a59f19c,cheetah,brown and black cheetah on brown grass field during daytime,Ahmed Galal,"June 21, 2021 (UTC)"
fac51bc92ce481b2f4a0e4a48e6ffe4fecc295ca,peacock,male green and blue peacock,Lenstravelier,"January 17, 2019 (UTC)"
1772fe588afe72b32d61efa0e863b58738f1cbaf,snake,brown and black snake,David Clode,"October 12, 2017 (UTC)"
6ee8928f5cba559285698ea002a8a8fd52b5a50d,coyote,brown wolf on snow covered ground during daytime,Daniel Lloyd Blunk-Fern√°ndez,"January 24, 2020 (UTC)"
8f4fac815d365699c9a2c925274ef4f4e64cbcdc,kitten,white cat on brown wooden table,YoonJae Baik,"September 19, 2020 (UTC)"
725675ffee260747d8a54964b99c69ba9383a064,frog,green frog on brown surface,David Clode,"November 5, 2019 (UTC)"
1d31c46e2a46c197d9272c8de93532bde878bdda,deer,brown deer standing on brown grass field during daytime,Amy Burgess,"November 10, 2020 (UTC)"
9ccd6e7db5ed7493d5114d656281cde869795f89,monkey,monkey looking at mirror,Andre Mouton,"July 19, 2018 (UTC)"
1a938f0cdb0a7d9544cdb006e56643fcbd4c3bc3,panda,two pandas hugging in front of tree during day,Ilona Froehlich,"May 28, 2019 (UTC)"
48dca2925c58f5b1657ca36b38e7dd06f6f72407,cow,white and brown cow,Jean Carlo Emer,"July 25, 2019 (UTC)"
08c4ab1b596449da72212a6b665aa281177ce801,moose,brown moose,HY S,"November 15, 2019 (UTC)"
4fdb270b3bacb68b9b6eaf038dd733be370fdbb8,bear,brown bear walking near trees,Zdenƒõk Mach√°ƒçek,"March 5, 2019 (UTC)"
44d9f602d8025f7b4e27c0ca7a54018a7c3dbed7,coyote,gray fox photography,Joshua Wilking,"September 28, 2017 (UTC)"
04a10601285cbb9cb6c2464b6eb0aecb62be7e9b,penguin,standing penguin on sand near snow covered mountain covering the sun from view at daytime,Ian Parker,"February 4, 2018 (UTC)"
0bab1a78116a8076d83c88147c192af8673ecc4e,peacock,green feather,rupixen,"July 23, 2019 (UTC)"
a5fad9b6a6322f97d5c28f604ec495e5a7f64347,snake,red snake,Jan Kop≈ôiva,"October 18, 2019 (UTC)"
c6cd4f80d6bd040f90b8c67047533b45ddb5058a,cheetah,brown and black cheetah walking on brown sand during daytime,Rajit Galaiya,"August 30, 2021 (UTC)"
c434279e6b84ae0cf84de6a0935c88e6946ccd80,bunny,a small rabbit is sitting in the grass,–ê–Ω—Å–ø–ª—ç—à –°—Ç–µ–ø–∞–Ω–∞,"August 25, 2021 (UTC)"
e7e8f8fbc3733bd675dfaca1fdb10dba98f9c488,bee,yellow and black bee on yellow flower,Allec Gomes,"January 9, 2021 (UTC)"
ea6f9f5ad00b4f78aa61d1caa636af799d1cc06f,kitten,brown tabby kitten on white textile,The Lucky Neko,"August 17, 2020 (UTC)"
aaee9799d15ca0a190142898526f4a17a4ae7fbb,bat,brown and black butterfly on brown tree branch during daytime,Nils Bouillard,"January 5, 2021 (UTC)"
d36bf9d04c650ff689916784b0e8edf63f3c5b58,frog,close view of green frog on purple flower,David Clode,"August 17, 2017 (UTC)"
53c6e687d52bbd6b284ac7264e6ac5d2f931e95d,moose,grayscale photo of cows head,Nikola Johnny Mirkovic,"February 22, 2021 (UTC)"
b3b9a0ffb63bdf6ed0e6ae547d89fc7479e1dd97,monkey,portrait of a monkey,Quinten de Graaf,"April 5, 2019 (UTC)"
8028a29119515520e1e5a937e8c56291ee1118a1,cow,black and white cow standing on grass field,Screenroad,"October 2, 2019 (UTC)"
227a7d053a0582e8a8914023a49f1a26a9a2c74b,panda,black and white panda bear,Joshua J. Cotten,"March 15, 2020 (UTC)"
904b4a12978a3b075105654cac8ab96d38658046,deer,lights passing through trees,Tomasz Filipek,"December 5, 2018 (UTC)"
3d1304d5d4df075470c5aa17f6e25312b888974e,snake,a close up of a purple and green snake skin,Luke Jones,"October 5, 2021 (UTC)"
9839f22362196616a958b4ead160a22719dbcfff,penguin,two penguins on seashore during daytime,Paul Carroll,"March 7, 2019 (UTC)"
f72dd7b1738c3a031429455e0d35bec08ad1607a,frog,green frog and pink rose,Stephen Hocking,"February 15, 2018 (UTC)"
9d4ca7e86359ea5564d6cf2b42c734e4720e7d3e,giraffe,giraffe surrounded by brown grass,Mike Setchell,"July 15, 2019 (UTC)"
360f9982eaead45701df75a556b617eb55bfe87e,bunny,white and brown rabbit,Sandy Millar,"August 26, 2018 (UTC)"
a4f463ddff46326131505ef99ff120bbed75898d,bat,black bird flying under blue sky during daytime,Pavan Krishna,"November 5, 2020 (UTC)"
9c04224016cce06e215e93b88da242a3d18f532c,bee,yellow and black bee on white flowers,Oktay Yildiz,"October 31, 2019 (UTC)"
2fbcf131503b48aee507f9cf8426b06ac2b509d9,cow,time lapse photography of cattle cow under clouds,Ryan Song,"August 13, 2017 (UTC)"
03f136c33a42bda6edbecaeaf0608e84d0d3c959,moose,brown and white deer eating green leaves during daytime,Silvan Schuppisser,"August 8, 2021 (UTC)"
cd138ad9525fec06c832eabf4113901415622463,cheetah,brown and black leopard in close up photography,Ahmed Galal,"June 29, 2021 (UTC)"
0aca2d031e018ef58b7598148f19885c94c2c43d,bear,brown grizzly bear,anvesh baru,"December 11, 2019 (UTC)"
bb05bce165fae7f0cc8a08f59178926f60b0dc98,peacock,blue and brown peacock feather,Rendy Novantino,"July 15, 2021 (UTC)"
200c7fffec4a8ae675ccc2c583b818e4cf66a809,panda,panda lying on white snow during daytime,Jason Sung,"February 21, 2021 (UTC)"
f691e36d6cb2415f3bf20fbe9d64a2e7b0b15ec4,coyote,grey and brown fox on green grass during daytime,John Thomas,"October 20, 2020 (UTC)"
c7b4d8a463401bffb90d8cfdfee251aa9ac28b1d,kitten,three brown tabby kitten lying on board,The Lucky Neko,"October 2, 2019 (UTC)"
ac8c784900db533908724b3883a163c5969d806b,deer,brown deer on forest during daytime,Bruno Kelzer,"September 28, 2020 (UTC)"
a09c99ee6542e00f875e4883b22be3d92cefab6e,monkey,brown monkey on green tree during daytime,Du≈°an veverkolog,"January 23, 2020 (UTC)"
e6238f055b5175048abc645d75c5473493012361,penguin,penguins on snow covered fields during daytime,Derek Oyen,"March 1, 2019 (UTC)"
d89c2c544ac1f125107eaa655031259112d9ef46,frog,green frog on white surface,Adam Currie,"August 27, 2020 (UTC)"
5469386043faa523c930f466798e15dbaafc093e,coyote,black and white fox on brown grass field during daytime,mana5280,"February 1, 2020 (UTC)"
30a0fe461201a5f38d31a3d124f9889f8cb033fa,giraffe,brown giraffe under blue sky during daytime,Jeremiah Del Mar,"July 17, 2021 (UTC)"
a3c3277adfb4073085969c0879e742ff82d5a427,cheetah,closeup photo of cheetah lying on ground,jean wimmerlin,"January 23, 2018 (UTC)"
65afcc584967367ec95c2b98ee514783224f7443,kitten,brown tabby kitten,Tran Mau Tri Tam ‚ú™,"April 19, 2019 (UTC)"
3d9d0f33362cf8a82528694b86c84dc648726e87,bat,brown bat in close up photo,David Clode,"August 11, 2017 (UTC)"
fb041777d1f2f857c3f2e33213607699cecb541d,bee,yellow flower with bee during daytime,Christos Gavriel,"April 23, 2020 (UTC)"
58bbb2ce794569aca144bd30d01114bd258d04e6,bunny,white and gray rabbit on black table,Tamas Tuzes-Katai,"March 29, 2020 (UTC)"
cdc301687404631602f1f230388a34bf01d9ae28,cow,selective focus photography of brown cow,Luke Stackpoole,"May 24, 2018 (UTC)"
5576fb0f540dd4dd88e407577262605c9b22a251,giraffe,giraffe standing on green grass during daytime,Sofia Zubiria,"February 11, 2019 (UTC)"
dac0790e1595aa03a73fbcbac55ee2f67066672e,panda,panda eating bamboo,M√©lody P,"September 15, 2017 (UTC)"
3d6e70d726a5c599c10a8d483b5c5ca010c5c7b3,moose,brown moose on green grass during daytime,Hari Nandakumar,"October 27, 2020 (UTC)"
1bbbf1951b14e252b243c4024dcc6d104be565da,snake,green snake on brown branch close-up photo,David Clode,"June 5, 2018 (UTC)"
169b1a8e4d7b45fa088c07d36fc1b4da18952f3c,snake,gray snake n gravel,Arvid H√∏idahl,"September 11, 2019 (UTC)"
acef8b6cc854f9738a6b9f9b56326de497eb874c,bear,grizzly bear,Francesco,"January 10, 2019 (UTC)"
6519b5369cfb0d9ccfcd5364a583b6c564808661,monkey,brown monkey on brown wooden stick during daytime,Aniket Mandish,"April 17, 2021 (UTC)"
197397f0e6cf60f72540008ad63644269dec9c4f,penguin,penguin standing on black rock,Jay Ruzesky,"May 10, 2016 (UTC)"
15e86917f16f7a0e931f601b029a36149f3e43b0,peacock,blue and green Peacock standing on grass,Lenstravelier,"January 22, 2019 (UTC)"
0958125f35f0be091f63fcc31c97ca49e8f58bd9,peacock,selective focus photography of peacock,Richard Clark,"May 5, 2019 (UTC)"
01ac80b800715a4cbe1027e8fba97961b5c2543e,kitten,silver tabby kitten on floor,Loan,"November 19, 2019 (UTC)"
f3cd9ee199b18080af2ed11f6fc05043f4e3fad6,bear,brown bear on green grass during daytime,Daniel Diesenreither,"July 19, 2020 (UTC)"
d3692283d970c7d5bf97a91089e98a075b69d3ed,frog,green Frog,Zdenƒõk Mach√°ƒçek,"February 22, 2019 (UTC)"
1da6ffacc8e9d0d34b741a81d3e47ad78ee2c263,bat,black and white abstract painting,Nenad Milosevic,"November 1, 2020 (UTC)"
0c9c1c7107299714c6ecc182c5f8face2c9106c3,coyote,wolf with open mouth,Philipp Pilz,"July 26, 2019 (UTC)"
a84da262b3dfae1ef60f53f838616a5d5346c96d,deer,brown deer on brown grass during daytime,Sascha Bosshard,"November 22, 2020 (UTC)"
19b80d98932c43d0bd581ae55ee36d15ec7c31e9,cheetah,2 cheetahs at field during daytime,Hari Nandakumar,"December 13, 2019 (UTC)"
f06e7eb1c7e3245abb42c81e087d9e6e445b9658,deer,brown and white animal head,Magdalena Kula Manchee,"February 2, 2020 (UTC)"
882e0bc34f92c6cd793805447daae4f9d25cb153,moose,black moose on green grass,Aleesha Wood,"December 29, 2017 (UTC)"
8b10e848ab2a8c95dd2669ede48ee88ec213772e,monkey,closeup photo of black gorilla,Kelly Sikkema,"May 21, 2016 (UTC)"
8ecb6859a029c0224de6673da4d57d7eb8cc44a5,bee,black and yellow bee on yellow flower,Tania P,"July 29, 2020 (UTC)"
6af4ed6b7cc554273265c220502b25d7355fe276,panda,panda climbing on tree during daytime,Chester Ho,"May 9, 2016 (UTC)"
e5399fce68f07599879435c7fcfae4a9ab74ca13,bunny,brown rabbit on green grass during daytime,Stefan Fluck,"February 16, 2020 (UTC)"
241d75968eb8efad6c5e65183c2d7fb2d3625edd,frog,macro photo of green frog,David Clode,"December 17, 2018 (UTC)"
2a4f547c3d85082e40c00a9c09be26ada7fea1c0,cow,white and black cow,Wolfgang Hasselmann,"January 2, 2019 (UTC)"
88c36d8b930f8a70528cbfe538dfd66e9771f47d,giraffe,giraffe walking on brown field during daytime,Thomas Evans,"November 2, 2020 (UTC)"
0d830dfa58733255a4486894676605d5b844646c,bear,brown bear,Zdenƒõk Mach√°ƒçek,"February 28, 2019 (UTC)"
da2c531420d0bad56a05a0704643e5691f518cc2,snake,brown and black snake,David Clode,"April 16, 2019 (UTC)"
4dda6c85265fbaae6a3a6cd2c7881b85e3b9efc8,bunny,white rabbit on grey concrete floor,Lorna Ladril,"February 3, 2020 (UTC)"
fbcf06d375347fa7eae570695ba065996011ab53,kitten,white and grey kitten on grey textile,Tran Mau Tri Tam ‚ú™,"June 11, 2020 (UTC)"
b6936a6f7b9bdd63d5b132a8588458e5d99d53a9,bat,brown umbrella under blue sky during daytime,Ishan @seefromthesky,"August 16, 2021 (UTC)"
95c7c678b101e3bf97cd45e8b02b580bb77bbde3,peacock,a close up of a peacock with a long tail,Trevor McKinnon,"September 20, 2019 (UTC)"
ccf63bb68c9149408823539b5e3b9607099e50cc,bee,yellow and black bee on yellow and black surface,Meggyn Pomerleau,"April 5, 2020 (UTC)"
226b41d6a9ec427523fa693ae359056d8eb77610,giraffe,brown and beige giraffe,Sian Cooper,"January 17, 2019 (UTC)"
3af24c3ca848f592b7d0006214905a85377a0fda,deer,silhouette of moose near trees,Diana Parkhouse,"November 21, 2018 (UTC)"
20c338974e5d9b5accd4a3542a5604537fbcba38,penguin,white and black penguin in water,Joshua Ryder,"September 17, 2020 (UTC)"
1e2d9bebff4581270b75741269dfb08406eebba2,monkey,brown monkey on brown tree branch during daytime,Dmitriy Zub,"March 6, 2021 (UTC)"
8f17cf6d5350ce34d8045a9b544fa0c4fd616acd,coyote,animal standing on grass during day,Dylan Ferreira,"October 3, 2019 (UTC)"
ee142311112e60a323ff703b5516ea787d80b957,penguin,white and black penguin on snow covered ground during daytime,Cornelius Ventures,"August 26, 2020 (UTC)"
ce628f0b4a685baadb7dca5e6d406014ac73c5c4,cheetah,shallow focus photography of cheetah,jean wimmerlin,"January 22, 2018 (UTC)"
b911f522aa8a6d2281d18eff481fdcebb2860fa4,panda,white and black Panda on wood,Ningyu He,"June 14, 2019 (UTC)"
0e684535becea1df6520e87d32ef75bde31bb257,snake,a drawing of a snake on a white background,The New York Public Library,"October 1, 2021 (UTC)"
5ce60ed815db0c2781e89e76da33df5c5a07d0af,bear,black bear on brown wooden tree branch,Marc-Olivier Jodoin,"April 29, 2020 (UTC)"
afa693d62b23f3a1d9170d34708a8aa9fc74ed92,moose,brown deer in green grass during daytime,Silvan Schuppisser,"August 8, 2021 (UTC)"
ad78ae5697a00be0ed1e9fd224ead418d7c2f949,frog,green tree frog on red leaf,Zdenƒõk Mach√°ƒçek,"February 26, 2019 (UTC)"
32af986b1f9da7c0b91b66cab7cda271322ee4da,cheetah,cheetah running on brown field,Cara Fuller,"June 21, 2017 (UTC)"
0e6d40b5b875e120d347a501d392d588e0a4272a,bee,black and brown bee in honey comb,Wolfgang Hasselmann,"December 23, 2019 (UTC)"
c5fd7aa6495a1e246da38f4e2f5736e2b4243854,peacock,blue green and brown peacock,Ivan Botha,"April 16, 2020 (UTC)"
3b7c1602724fd0ba7585ce695e61d8d98ba006be,bat,brown and gray squirrel on brown tree branch during daytime,Ren√© Riegal,"February 14, 2021 (UTC)"
bbdb97ba374b0f79c2482f9c95f91c9285a167ea,deer,brown deer in tilt shift lens,Federico Di Dio photography,"November 4, 2020 (UTC)"
6eed3127d8a0cd7d207f363ffea46e0c3ca9ee3f,moose,brown deer in close up photography,Danika Perkinson,"May 6, 2020 (UTC)"
767f1b6afbf5234d12bda28df035b777e511cf8d,kitten,brown tabby kitten lying on white textile,Tuqa Nabi,"January 21, 2021 (UTC)"
0f58c13f4c8e07f490ac3d5ab175c64dbe2980b4,bunny,white rabbit on green grass,Pablo Martinez,"June 7, 2020 (UTC)"
40e3502e01f7b1af68e544ba31a9ec228751f0f8,panda,panda on brown dried leaves,Vince Russell,"June 5, 2021 (UTC)"
606c5c48dedde188c02ad667a44371cee837787e,peacock,peacock on brown tree branch,Sagar Kulkarni,"April 15, 2021 (UTC)"
109c86822a551c6ecc42bd67033423b2d5121ae8,bunny,brown rabbit on window during daytime,–ê–Ω—Å–ø–ª—ç—à –°—Ç–µ–ø–∞–Ω–∞,"May 20, 2020 (UTC)"
9fb0bbe99a4e9c488946acc1b4d9338113908b06,snake,green and black snake on green leaf,Alfonso Castro,"August 31, 2016 (UTC)"
1ad2c5075466391f17350620b703f9181279717c,bear,brown bear with blue eyes,mana5280,"September 12, 2020 (UTC)"
a9aa0432f7719c17d4b9df4e0e7e39df6446277d,frog,selective photography of red-eyed tree frog,Stephanie LeBlanc,"May 30, 2019 (UTC)"
e94938d79a0bc633c3d2f27d4d6a8524c57c6e9e,bat,two brown-and-black bats on brown wood branches,Geoff Brooks,"August 25, 2019 (UTC)"
708ff536922210ae2ffca9a4e427db2a9bfa6804,bee,bee on flowers,ƒ∞brahim √ñzdemir,"December 14, 2019 (UTC)"
04049c63f17987b3f11b62f459678d59cc9af4f5,cheetah,cheetah walking on green grass field during daytime,Ahmed Galal,"June 29, 2021 (UTC)"
3bc2820ff23d6c41eb5a0913ed5795f83395ce8c,snake,close-up photo of brown and gray snake,Mohan Moolepetlu,"July 12, 2018 (UTC)"
b269e61fdbf6035d20c91edfb2f90b8b78e9d3e1,giraffe,giraffe standing near tree at daytime,Nikolay Tchaouchev,"August 18, 2018 (UTC)"
1599194806eac18c53e837f1caf335e492fcbaa7,moose,black moose on green grass field during daytime,Sam te Kiefte,"October 6, 2020 (UTC)"
869b767d09012c7b970d12e360f6e84042ec8dd6,bear,shallow focus photo of brown grizzly bear,Becca,"September 11, 2019 (UTC)"
3f6c1d6554b296b915feafaa0e23dcdfd79daed6,bunny,person holding white and brown rabbit,Paige Cody,"April 26, 2021 (UTC)"
6d4db95151295dc1a70ac0ab799e582e4a2a27df,panda,white and black panda relaxing on rock,Elena Loshina,"March 17, 2018 (UTC)"
ed4c979a0e7f6a90860a71e1e43ae1f1e4bb0686,monkey,brown monkey sitting on gray concrete floor during daytime,Bob Brewer,"November 16, 2020 (UTC)"
a5d326ed5f2ba7e28d2b7efdae5ee9360c14a73d,bat,brown squirrel on orange umbrella,Ishan @seefromthesky,"August 16, 2021 (UTC)"
9e589706d9aa7686ea75dc4cb4f50e54efabe91a,frog,green frog on red post,Stephanie LeBlanc,"January 18, 2020 (UTC)"
bf9a6a0057fe4cb8b96215d710ac0bd575613cfb,peacock,blue and green peacock,Hans Veth,"December 8, 2019 (UTC)"
23001c791f67275f68360773f00f8961a874bf26,monkey,brown primate,Syed Ahmad,"August 18, 2019 (UTC)"
d1fe16319572f979026c90945fda3b81d3117cc0,bee,swarm of honey bees,Damien TUPINIER,"July 10, 2018 (UTC)"
a59d41c702a955e81a6a6582789199ca8a89de3d,cheetah,Cheetah lying on green grass ground during daytime,Christin Noelle,"September 28, 2018 (UTC)"
58ca7d42da073b53da72b822a7febef562ae74e2,moose,brown moose on brown grass field during daytime,Madhu Shesharam,"October 27, 2020 (UTC)"
37945da040ca5e4404fd0405f12ea5f85503b956,panda,panda on tree,Theodor Lundqvist,"September 6, 2017 (UTC)"
c269098e3fc55cecfcad72024ed8ce5efa83f60d,kitten,brown and black cat on white background,Sergey Semin,"July 22, 2020 (UTC)"
4f21f04f2111cd6a66afb4e6d7e70309afe5b260,kitten,white and brown long fur cat,Alvan Nee,"June 15, 2020 (UTC)"
f63c68cff4ff769e39c7b84cf41718b7abcae951,bear,polar bear on snow covered ground during daytime,Hans-Jurgen Mager,"May 16, 2020 (UTC)"
93937c0699e42ab186dcfceb37647c0e0bbd1d37,monkey,brown coated monkey on branch,Jamie Haughton,"October 26, 2018 (UTC)"
faf3cc8e2275c9d65abff20005e8d55592ee5c78,kitten,orange tabby kitten in grasses,Andriyko Podilnyk,"June 9, 2019 (UTC)"
7966a0e4ac78d7df6c5cc59fee81d8ece315bb34,bunny,brown rabbit on white textile,Erik-Jan Leusink,"June 5, 2020 (UTC)"
ed7d67a2cfee6dbc5dcbf944ada8e3f9ae5642ee,snake,a black and white photo of a snake,Amir Sani,"October 2, 2021 (UTC)"
8a0297e4320708bc51f1d532cec9fa134ee51c25,bat,brown and black bat opening mouth,Todd Cravens,"May 25, 2017 (UTC)"
4b966a2eaa0e73eae41040b94ef1282ee4cf9e3e,frog,closeup photography of a frog,Jack Hamilton,"May 29, 2017 (UTC)"
9c3d53ff6abb417262b6bfc2456d31228b865aac,peacock,close up photography of blue peacock painting,Steve Harvey,"August 6, 2017 (UTC)"
64aa6ea394ca65c78e8b31199a072732d27e182b,bee,black and white honey bee hovering near yellow flower in closeup photography,Boris  Smokrovic,"December 13, 2016 (UTC)"
3f3c36a56c6709a36a7faeaff7662b09c0618d1b,cheetah,a cheetah laying in the grass looking at the camera,Michael Aleo,"September 27, 2019 (UTC)"
c6fa057b683f2a0055ad90e2b543ad4006bb1eca,snake,brown and black snake,Jan Kop≈ôiva,"October 10, 2019 (UTC)"
bfc7f058438f6320b3cffa225c044db5a0177757,bear,brown bear sitting on grass field,Mark Basarab,"July 3, 2018 (UTC)"
97bd202cf8071eb496212bdece111dcbc8292d25,bunny,gray rabbit on brown wood log,Janan Lagerwall,"December 28, 2020 (UTC)"
412dede088a33656e1bf4d132353af92272ec212,moose,black moose under tree,Richard Lee,"August 20, 2018 (UTC)"
bbe2735d64a03f7edbc435f3817bb4605968db05,bee,black and yellow bee in close up photography,Michael Milverton,"September 25, 2020 (UTC)"
444c7f42a220afff307915b26b3ee230be950a78,peacock,"blue, gray, green, and black peafowl on gray stone",Viktor Shimin,"November 4, 2019 (UTC)"
a028ee880938098dee39c7cb85ad00c04dc4d861,bat,silhouette of bird flying under white clouds,Husen Siraaj,"November 5, 2020 (UTC)"
0d5ae49b490ff58b6d121339205e9ecc99ef1f6b,cheetah,brown leopard on top of grey rock,Geranimo,"August 20, 2018 (UTC)"
a1fb3378e8b60ecedfed0bf57f6f9382a830c31b,bat,a large bat flying over a forest filled with trees,James Wainscoat,"April 21, 2020 (UTC)"
91ade897fb34872502770265deaa5a4ba873faff,moose,brown deer on brown land near trees,Jp Valery,"January 31, 2017 (UTC)"
773dec46236e01edeb1eae195248c604959cc061,moose,black moose on brown grass field during daytime,Cora Leach,"February 10, 2021 (UTC)"
0c730cdbca08ce5dc2a3d076500a6e1dd7261ac7,cheetah,brown and black cheetah in close up photography,joey Zhou,"February 23, 2020 (UTC)"
0a2e2edea4d549b98a14eb4d5135618b6b7c002f,bee,bee sipping on purple floewr,Jason Leung,"April 21, 2019 (UTC)"
87cb47e1e109b7134a492d2cb81b37c4c9f997f5,bat,brown bat,James Wainscoat,"October 4, 2018 (UTC)"
4c60d63c015ea8fe1c5d0f88946431e14f870af0,bunny,white rabbit on green grass,Satyabratasm,"March 25, 2020 (UTC)"
a4e2aeb283ac64680897bc2b758ec507a8dc3a98,bee,honeybee perched on yellow flower in close up photography during daytime,Ankith Choudhary,"May 15, 2020 (UTC)"
fd9fdbfddf474d33f6807830b981f71faa93e0b6,cheetah,cheetah on green grass during daytime,Sammy Wong,"April 27, 2021 (UTC)"
fc724de04ee030971607ed0920ed071068e17f3c,bat,birds on sky,Cl√©ment Falize,"June 25, 2019 (UTC)"
47772f1d013cc7f0020eb7f3fe385a606d6264f1,moose,brown deer in close up photography,Girl with red hat,"January 20, 2021 (UTC)"
9ab3bac71c97c2eef94ab65275df0d3901525f24,bee,black and yellow bee illustration,USGS,"March 20, 2020 (UTC)"
80821b0868c33d201c5e4128ee05e5acdfa5d381,bee,honeybee perching on yellow flower,Dmitry Grigoriev,"September 15, 2019 (UTC)"
27567190a790117c703dbe4b1bcb3b298dc5e4bd,cheetah,cheetah on grass field,David Groves,"March 7, 2019 (UTC)"
3870bd6c6deab434537daba5960f40af1699f1e4,peacock,photo of blue and green peacock,ricardo frantz,"September 9, 2018 (UTC)"
65400845a592027c02a697a16ac5f178ee1bfb2e,moose,black cow on lake shore during daytime,Lesly Derksen,"October 11, 2020 (UTC)"
1142077af09845ac9421ea0db749ef02eabe8688,bee,wasp on blooming white flower,Aaron Burden,"June 13, 2017 (UTC)"
18b60dce6ece463aaf21d4d451edfb5ea3c514ea,moose,black moose lying on field during daytime,Shivam Kumar,"February 6, 2019 (UTC)"
414d78ba43bf69a5b3b9f0cc146b9a5edfe47989,moose,brown deer under tree,Philipp Pilz,"December 4, 2018 (UTC)"
32e19b97363219afd061d41a0ef2d10d1b6c81d5,moose,brown moose on brown grass during daytime,Zachery Perry,"February 18, 2020 (UTC)"
1e58293535bcfc1e64649527fbe5853fc63f2870,moose,brown moose surrounded by snowfield,Ivars Krutainis,"November 18, 2017 (UTC)"
d626e78825bf36da7da1f622942ed5339c8fd80b,eagle,brown and white eagle flying during daytime,JOSHUA DANIEL,"February 9, 2021 (UTC)"
878165bb8dbbe2803a863f8ffbc7fd3e93e10c38,chicken,five brown hens on ground beside fence,Ben Moreland,"April 26, 2019 (UTC)"
33471ee20ef9a1acc7bb52181dec5621d0ffd8c2,eagle,brown and white eagle flying,Birger Strahl,"July 9, 2020 (UTC)"
a301ba85a7e56c485ea4100399424f98b28cf134,eagle,brown and white eagle on tree branch during daytime,Joshua J. Cotten,"March 15, 2020 (UTC)"
f2469333d1bda5f0493c8ed3d8fc891054a00d64,chicken,selective focus photography of brown hen,Ben Moreland,"January 27, 2019 (UTC)"
8ec78e71b4baae3a18aeeef8e6d9d245ec9eaff7,elephant,brown elephant on green grass field during daytime,Ana Frantz,"April 20, 2020 (UTC)"
0649dc1cdebada7ed9d239bb0fa834e4edd40b57,eagle,white and brown eagle illustration,Peter Burdon,"March 30, 2021 (UTC)"
ec832c4f6a032b4da1c61c0d78d66537dee85ce5,elephant,brown elephant under tree at daytime,Harshil Gudka,"November 16, 2017 (UTC)"
503bb879f5f36a82df3a756f5732dd98b624fcaf,chicken,brown chicken on green grass field during daytime,James Wainscoat,"February 1, 2021 (UTC)"
c594016db9a4860f70728aea1c7fd40e3a7ac2a7,chicken,flock of white and red rooster on green grass field during daytime,Finn Mund,"April 28, 2021 (UTC)"
3534c3774a6505d2783fc7ed93dfeeaf812bcba3,dolphin,dolphin on water during daytime,Fabrizio Frigeni,"April 14, 2018 (UTC)"
9c1436e9604960c18aa3d2d994d7aeeb60e923c4,dolphin,black dolphin in blue water during daytime,Shelby Cohron,"April 16, 2021 (UTC)"
530f6eb74507cad67f4f585a7857aa79f09f153d,elephant,grayscale photo of elephant walking on the field,Leon Buter,"March 10, 2021 (UTC)"
2a219067db3b7c03dae940e616b361364489c8ef,elephant,brown elephant on green grass field during daytime,Wolfgang Hasselmann,"April 12, 2020 (UTC)"
2b911c858aa8cf788db682233935e6cc1bede788,eagle,black and white flying bald eagle,Mathew Schwartz,"May 9, 2019 (UTC)"
e97b85cba6877094238520919c2fad52783fc340,dolphin,bottlenosed dolphin on top of water,darin ashby,"December 17, 2017 (UTC)"
3ce3e6702824bafe9b534a96b26184ade2deeb12,elephant,gray elephant walking on brown soil during daytime,Glen Carrie,"March 2, 2021 (UTC)"
df10014f55285e1937c8d322b3b7a4732dd1d891,chicken,white chicken on gray concrete floor during daytime,Geon George,"August 21, 2020 (UTC)"
9582cdf09fd1ae08b21bdeabd027f92ca464954f,chicken,red black and white rooster,Egor Myznik,"May 28, 2020 (UTC)"
76959a08110bf29709d45496dda43df796875600,dolphin,grey dolphin in a body of water close-up photography,Yash Patel,"June 18, 2019 (UTC)"
cc83f7881a99a3ddd65171d7bac5be94050ff1f5,dolphin,shark underwater,Jeremy Bishop,"June 12, 2018 (UTC)"
85307e0fb2e57728fac5fd25e1507a9065b9193e,dolphin,school of dolphins on body of water,Courtnie Tosana,"August 3, 2018 (UTC)"
0a79717dad5c483d860dccb4ea6572fd569ed66c,eagle,eagle,Sue Tucker,"December 16, 2016 (UTC)"
e7b53f076b85b32539b1142d74e0d150750dbb0a,eagle,brown and white bird flying,alex zeng,"March 4, 2020 (UTC)"
5389946c62f2f7b85e9efbdaf494c21bac84f44f,chicken,white chicken on green grass field during daytime,Zoe Schaeffer,"May 19, 2020 (UTC)"
f14643be22ffbd97acd783d841210a4ce1f7c3c8,elephant,grayscale photo of elephant on grass field,Keyur Nandaniya,"October 2, 2020 (UTC)"
2c90cf2b2ccab27c311669ea7f6f219b53d40e6d,elephant,brown elephant on dirt road,Wolfgang Hasselmann,"December 29, 2019 (UTC)"
49edd19255cd49c079fc46e86837bd5257c0b553,dolphin,gray dolphin in blue water,Du≈°an veverkolog,"September 2, 2020 (UTC)"
264771cb7d8f183900f0f80368f10c0c02feb7e4,dolphin,dolphin on calm water during daytime,safwana basheer,"November 3, 2019 (UTC)"
0785912c822a5a2a08d7d93e6e2144cddf4f6013,elephant,grayscale photo of elephants drinking water,Richard Jacobs,"February 1, 2018 (UTC)"
aca4e911c77c6784a9ece30b4756a47c32e74057,elephant,silhouette of elephant on brown sand during sunset,Jordan Heinrichs,"February 27, 2020 (UTC)"
454e71a28765d9f3a3ea14330990b834f291bf81,elephant,brown rhinoceros on black background,Michael Jerrard,"November 15, 2020 (UTC)"
09c7c04c712957e855b103719e4fcdba72539f25,chicken,bread on white ceramic plate,Sophia Louw,"March 8, 2021 (UTC)"
bcb6e8bb324944334a9178aa2241a49ca033b834,eagle,black and white eagle flying under white clouds during daytime,Ingo Doerrie,"August 11, 2021 (UTC)"
40be108a68f77c2892eec75b296d91808fd37a02,chicken,bread on white ceramic plate,Hayley Ryczek,"July 8, 2020 (UTC)"
e9150ad037fdaafb595639bc9da0017480f3a7e1,eagle,black bird,Valdemaras D.,"October 16, 2018 (UTC)"
4f1b3cc37cee6d1b31390fa5d59bcaecfafcaa53,chicken,two yellow chicks on ground,Karim MANJRA,"December 31, 2018 (UTC)"
7bccc9d337b8d91fc2fecb3d4b2bdd56ec4b7030,dolphin,dolphin jumps off the sea,Kuan Fang,"September 15, 2019 (UTC)"
6fb1800570ffd4d5783f8ad0aa3f9724953b2499,dolphin,three dolphins swimming in body of water,Pablo Heimplatz,"April 12, 2017 (UTC)"
14b43f37d0821ef0d2bed631ae123af980e2b40d,eagle,a bird that is flying in the sky,Richard Lee,"November 8, 2021 (UTC)"
690523bafd6f611aab44997a5d6e07bfbbfabbe1,eagle,flying bird under blue sky at daytime,Ryan Stone,"June 24, 2019 (UTC)"
4834b5d4f190eb3679e1e66155a7951d01497b82,chicken,yellow chick on green grass during daytime,Darius Cotoi,"May 9, 2020 (UTC)"
2a7c5bdc3c037a8612cd13e7d57f20287e208b92,elephant,gray and black elephants at daytime,Sergi Ferrete,"July 24, 2019 (UTC)"
d2ddab44d347e295b4b5512d93302bfbe0c3f1e3,dolphin,dolphin swimming on sea,Lucas Davies,"January 3, 2018 (UTC)"
c40e5f4de8d0fd51118110fd5667a2526481f656,chicken,red rooster in close up photography,Sahand Babali,"March 6, 2020 (UTC)"
500419164e847833d6e2d4e7bd77738c65e35490,elephant,elephant on grass during daytime,David Clode,"September 3, 2018 (UTC)"
ee1035d11deec8a5dfca6549e062ebe5941f25ca,dolphin,black and white whale on water during daytime,Roselyn Cugliari,"June 13, 2020 (UTC)"
a9bcb6450f380fb24b3fdd1f87c475711e4142ad,eagle,a bird flying over the top of a mountain,Vikas Gurjar,"September 20, 2021 (UTC)"
9446006fd98cd35d6077703935329f1e369f3e9b,chicken,fried chicken,Chad Montano,"September 4, 2019 (UTC)"
a559f8b1263081c10ef71fe25ce4e9bbd2fc11d3,elephant,Elephant walking on field during daytime,Lucas Metz,"March 5, 2019 (UTC)"
d2befd28602ee07cf00c252fad41e796f798a571,elephant,a large elephant walking through a lush green field,Jaric Swart,"June 4, 2021 (UTC)"
cc8c04298e4894e3f13395a011f38393808c1968,eagle,American bald eagle over body of water,Ray Hennessy,"September 22, 2016 (UTC)"
970c494dbca702c1dde9f8a788b7c6b1cfe9e4d2,elephant,2 gray elephant on brown grass field during daytime,James Eades,"October 25, 2020 (UTC)"
1d1aebd487250e76e309847d1a5356c9067169f0,chicken,chicken on black round plate,Anshu A,"August 22, 2020 (UTC)"
d6591e4d2bee68f9f36d82250dc7beec5e6b9f3f,chicken,roasted chicken on white ceramic plate,Claudio Schwarz,"November 30, 2020 (UTC)"
1ed01b43ceca186660b4c334f3efc9cd85b248eb,eagle,black and white eagle on brown tree branch during daytime,Lyssa Sutter,"May 25, 2020 (UTC)"
cc180ec69123aa1753ba8f1abe0c4e83e03464a4,eagle,landscape of asphalt road,Michael Shannon,"December 4, 2016 (UTC)"
e4a1db085a198021a4530ee87d70ec19206214cc,elephant,gray elephant playing with mud,Andrew Rice,"November 2, 2017 (UTC)"
5dfbf735758c4641981ac2a58eae3a0ad2d2feb5,dolphin,grey shark in the water,Ben Michel,"July 1, 2021 (UTC)"
d1c4210acb35a796ba7376240f83b245577ada73,eagle,black and white eagle on brown tree branch,Jie Wang,"March 16, 2021 (UTC)"
c0eac5cd21f23cb95ef6f75759924e01a3920575,eagle,flying bird above trees,Pete Nuij,"December 29, 2019 (UTC)"
78a0224e157f5b5af9666b4d4782eaad46b05dcb,chicken,two brown hens,Monika Kubala,"September 25, 2019 (UTC)"
f74678796bc3ed082b71af5abdbf665e8d105c49,chicken,white and red chicken during day,Wolfgang Hasselmann,"January 3, 2020 (UTC)"
dcf091775570b133c095aba570f3dbfc79e33157,chicken,chicken roast on roasting pan,Alison Marras,"July 28, 2017 (UTC)"
0a39b0e64dd416d41733ccee2e1e15ca61b38a07,dolphin,close-up of gray dolphin,Natalie Scott,"August 23, 2019 (UTC)"
66c92fcc0875e2655f867dfda73720c4c87cbb75,dolphin,underwater photography of three dolphins,Pablo Heimplatz,"April 12, 2017 (UTC)"
aed2f52ebf62fa3e4a5c481333f27f4d035fe801,chicken,brown hen on green grass during daytime,Thomas Iversen,"May 4, 2020 (UTC)"
bc7ab973cdd39ff4233972c25f638d22f58b3629,eagle,bald eagle flying,Jason Buscema,"October 8, 2019 (UTC)"
baf6f36151141e5c815f7e96a9280ad74c5a7bb2,dolphin,four gray dolphins,Juan Ignacio Escobar Tosi,"January 8, 2020 (UTC)"
01f40759c73cafb30170692048f73d8f04fce5cb,eagle,view of Golden Eagle,FaiZan ALi,"June 6, 2019 (UTC)"
091cc2e62785c55e0f8211fb7bb489cb4bf71396,chicken,raw chicken meat on brown wooden chopping board,JK Sloan,"April 22, 2020 (UTC)"
7c76b7951df5eb527ac2df0f7d0b452c580ea058,dolphin,gray seal in water at daytime,Keith Luke,"August 1, 2018 (UTC)"
e6361eb495e728495df29843a0f6f840643a32be,elephant,gray elephant eye,Inbetween Architects Jerome Charignon,"January 28, 2018 (UTC)"
d4aafc8ae3148861caf716fd0195402b8106b219,elephant,two elephants walking on grass covered ground,AJ Robbie,"March 21, 2018 (UTC)"
d85a8a004335212c251eee4ec735a44cc89cbef1,elephant,elephant on grass field,David Clode,"September 13, 2018 (UTC)"
f1d535b9174c4a2a4354e4c5772cb8c8ebe6a408,eagle,white and brown bald eagle selective focus photography,Cibi Chakravarthi,"June 16, 2019 (UTC)"
c028532310c02e5111d030c19b0c3e0759543d93,dolphin,black dolphin in blue water,Guido Hofmann,"March 1, 2020 (UTC)"
1b707967b306a2b344d5a5da69bd509a007e3821,elephant,baby elephant,Maurits Bausenhart,"September 4, 2019 (UTC)"
0ac593096d3c69bb3f43cd622a4e20a6b4f413f1,dolphin,silhouette of two dolphins on water under white clouds,Matteo Catanese,"September 27, 2017 (UTC)"
3bdc1e935c65956bf732aac59f56645b6459a83d,dolphin,aerial photography of black dolphins,Ishan @seefromthesky,"January 14, 2018 (UTC)"
